region_name,date,total_nonfarm_payroll
Detroit MSA,1958-01-01,40.2
Detroit MSA,1958-02-01,39.5
Detroit MSA,1958-03-01,39.1
Detroit MSA,1958-04-01,38.3
Detroit MSA,1958-05-01,38.8
Detroit MSA,1958-06-01,39.6
Detroit MSA,1958-07-01,40.5
Detroit MSA,1958-08-01,41.2
Detroit MSA,1958-09-01,43
Detroit MSA,1958-10-01,42.6
Detroit MSA,1958-11-01,42.6
Detroit MSA,1958-12-01,42.7
Detroit MSA,1959-01-01,41.6
Detroit MSA,1959-02-01,41.6
Detroit MSA,1959-03-01,42.4
Detroit MSA,1959-04-01,43.3
Detroit MSA,1959-05-01,44.1
Detroit MSA,1959-06-01,44.9
Detroit MSA,1959-07-01,46.3
Detroit MSA,1959-08-01,46
Detroit MSA,1959-09-01,47.4
Detroit MSA,1959-10-01,46.2
Detroit MSA,1959-11-01,45.5
Detroit MSA,1959-12-01,45.3
Detroit MSA,1960-01-01,44.2
Detroit MSA,1960-02-01,44.2
Detroit MSA,1960-03-01,44.1
Detroit MSA,1960-04-01,44.2
Detroit MSA,1960-05-01,44.6
Detroit MSA,1960-06-01,45.1
Detroit MSA,1960-07-01,46.1
Detroit MSA,1960-08-01,45.7
Detroit MSA,1960-09-01,46.7
Detroit MSA,1960-10-01,45.7
Detroit MSA,1960-11-01,44.9
Detroit MSA,1960-12-01,43.9
Detroit MSA,1961-01-01,42.5
Detroit MSA,1961-02-01,41.9
Detroit MSA,1961-03-01,42.1
Detroit MSA,1961-04-01,43
Detroit MSA,1961-05-01,43.9
Detroit MSA,1961-06-01,44.5
Detroit MSA,1961-07-01,44.8
Detroit MSA,1961-08-01,45.8
Detroit MSA,1961-09-01,46.4
Detroit MSA,1961-10-01,46.2
Detroit MSA,1961-11-01,45.1
Detroit MSA,1961-12-01,44
Detroit MSA,1962-01-01,42.5
Detroit MSA,1962-02-01,42.5
Detroit MSA,1962-03-01,42.8
Detroit MSA,1962-04-01,43.8
Detroit MSA,1962-05-01,45.4
Detroit MSA,1962-06-01,46.8
Detroit MSA,1962-07-01,47.7
Detroit MSA,1962-08-01,46.9
Detroit MSA,1962-09-01,47.9
Detroit MSA,1962-10-01,47.2
Detroit MSA,1962-11-01,46.6
Detroit MSA,1962-12-01,46.3
Detroit MSA,1963-01-01,45
Detroit MSA,1963-02-01,44.7
Detroit MSA,1963-03-01,44.3
Detroit MSA,1963-04-01,45.6
Detroit MSA,1963-05-01,46.4
Detroit MSA,1963-06-01,47.3
Detroit MSA,1963-07-01,47.8
Detroit MSA,1963-08-01,48.7
Detroit MSA,1963-09-01,49.6
Detroit MSA,1963-10-01,48.8
Detroit MSA,1963-11-01,47.7
Detroit MSA,1963-12-01,47.6
Detroit MSA,1964-01-01,45.8
Detroit MSA,1964-02-01,45.5
Detroit MSA,1964-03-01,45.7
Detroit MSA,1964-04-01,46.2
Detroit MSA,1964-05-01,47.2
Detroit MSA,1964-06-01,47.9
Detroit MSA,1964-07-01,48.9
Detroit MSA,1964-08-01,48.6
Detroit MSA,1964-09-01,49.9
Detroit MSA,1964-10-01,48.9
Detroit MSA,1964-11-01,48.8
Detroit MSA,1964-12-01,48.6
Detroit MSA,1965-01-01,46.4
Detroit MSA,1965-02-01,47.6
Detroit MSA,1965-03-01,45.7
Detroit MSA,1965-04-01,46.8
Detroit MSA,1965-05-01,49.7
Detroit MSA,1965-06-01,50.9
Detroit MSA,1965-07-01,51.7
Detroit MSA,1965-08-01,51.7
Detroit MSA,1965-09-01,52.7
Detroit MSA,1965-10-01,52.4
Detroit MSA,1965-11-01,52.3
Detroit MSA,1965-12-01,51.9
Detroit MSA,1966-01-01,50.7
Detroit MSA,1966-02-01,50.7
Detroit MSA,1966-03-01,50.9
Detroit MSA,1966-04-01,52.2
Detroit MSA,1966-05-01,53
Detroit MSA,1966-06-01,53.9
Detroit MSA,1966-07-01,54.2
Detroit MSA,1966-08-01,54.4
Detroit MSA,1966-09-01,54.4
Detroit MSA,1966-10-01,53.8
Detroit MSA,1966-11-01,54
Detroit MSA,1966-12-01,54.3
Detroit MSA,1967-01-01,53.2
Detroit MSA,1967-02-01,53.1
Detroit MSA,1967-03-01,53
Detroit MSA,1967-04-01,53.3
Detroit MSA,1967-05-01,52.1
Detroit MSA,1967-06-01,53
Detroit MSA,1967-07-01,52.7
Detroit MSA,1967-08-01,55
Detroit MSA,1967-09-01,55.7
Detroit MSA,1967-10-01,55.1
Detroit MSA,1967-11-01,55.2
Detroit MSA,1967-12-01,55.7
Detroit MSA,1968-01-01,56.9
Detroit MSA,1968-02-01,52
Detroit MSA,1968-03-01,53.8
Detroit MSA,1968-04-01,54.5
Detroit MSA,1968-05-01,55.2
Detroit MSA,1968-06-01,55.9
Detroit MSA,1968-07-01,56
Detroit MSA,1968-08-01,57.2
Detroit MSA,1968-09-01,57.5
Detroit MSA,1968-10-01,56.9
Detroit MSA,1968-11-01,57.1
Detroit MSA,1968-12-01,57.4
Detroit MSA,1969-01-01,56.1
Detroit MSA,1969-02-01,56.7
Detroit MSA,1969-03-01,57.1
Detroit MSA,1969-04-01,58
Detroit MSA,1969-05-01,58.9
Detroit MSA,1969-06-01,60.5
Detroit MSA,1969-07-01,60.4
Detroit MSA,1969-08-01,61.8
Detroit MSA,1969-09-01,62.1
Detroit MSA,1969-10-01,61.7
Detroit MSA,1969-11-01,61.4
Detroit MSA,1969-12-01,61.8
Detroit MSA,1970-01-01,60.4
Detroit MSA,1970-02-01,60
Detroit MSA,1970-03-01,60.4
Detroit MSA,1970-04-01,60.4
Detroit MSA,1970-05-01,58.7
Detroit MSA,1970-06-01,60
Detroit MSA,1970-07-01,59.5
Detroit MSA,1970-08-01,59.3
Detroit MSA,1970-09-01,59.4
Detroit MSA,1970-10-01,61
Detroit MSA,1970-11-01,60.1
Detroit MSA,1970-12-01,60.4
Detroit MSA,1971-01-01,58.6
Detroit MSA,1971-02-01,58.7
Detroit MSA,1971-03-01,59.3
Detroit MSA,1971-04-01,60.7
Detroit MSA,1971-05-01,59.5
Detroit MSA,1971-06-01,60.5
Detroit MSA,1971-07-01,60.1
Detroit MSA,1971-08-01,60.2
Detroit MSA,1971-09-01,60.9
Detroit MSA,1971-10-01,62.7
Detroit MSA,1971-11-01,61.9
Detroit MSA,1971-12-01,61.7
Detroit MSA,1972-01-01,60.9
Detroit MSA,1972-02-01,61.1
Detroit MSA,1972-03-01,62.1
Detroit MSA,1972-04-01,63.4
Detroit MSA,1972-05-01,64.4
Detroit MSA,1972-06-01,64.9
Detroit MSA,1972-07-01,64.8
Detroit MSA,1972-08-01,64.3
Detroit MSA,1972-09-01,65.5
Detroit MSA,1972-10-01,65.2
Detroit MSA,1972-11-01,65.3
Detroit MSA,1972-12-01,65.3
Detroit MSA,1973-01-01,64.2
Detroit MSA,1973-02-01,64.3
Detroit MSA,1973-03-01,64.5
Detroit MSA,1973-04-01,65.3
Detroit MSA,1973-05-01,65.9
Detroit MSA,1973-06-01,67.2
Detroit MSA,1973-07-01,67.6
Detroit MSA,1973-08-01,67.6
Detroit MSA,1973-09-01,67.9
Detroit MSA,1973-10-01,66.9
Detroit MSA,1973-11-01,66.3
Detroit MSA,1973-12-01,66.5
Detroit MSA,1974-01-01,64.5
Detroit MSA,1974-02-01,63.9
Detroit MSA,1974-03-01,64.1
Detroit MSA,1974-04-01,64.6
Detroit MSA,1974-05-01,65.8
Detroit MSA,1974-06-01,66.6
Detroit MSA,1974-07-01,66.8
Detroit MSA,1974-08-01,67
Detroit MSA,1974-09-01,65.9
Detroit MSA,1974-10-01,65.2
Detroit MSA,1974-11-01,64.3
Detroit MSA,1974-12-01,63.5
Detroit MSA,1975-01-01,60.2
Detroit MSA,1975-02-01,58.2
Detroit MSA,1975-03-01,57.6
Detroit MSA,1975-04-01,58
Detroit MSA,1975-05-01,59.4
Detroit MSA,1975-06-01,60.4
Detroit MSA,1975-07-01,59.6
Detroit MSA,1975-08-01,60.4
Detroit MSA,1975-09-01,60.8
Detroit MSA,1975-10-01,60.5
Detroit MSA,1975-11-01,59.8
Detroit MSA,1975-12-01,59.9
Detroit MSA,1976-01-01,59.5
Detroit MSA,1976-02-01,59.8
Detroit MSA,1976-03-01,61.2
Detroit MSA,1976-04-01,61.9
Detroit MSA,1976-05-01,62.8
Detroit MSA,1976-06-01,61.7
Detroit MSA,1976-07-01,62.3
Detroit MSA,1976-08-01,62.3
Detroit MSA,1976-09-01,64.3
Detroit MSA,1976-10-01,63.5
Detroit MSA,1976-11-01,63.8
Detroit MSA,1976-12-01,63.5
Detroit MSA,1977-01-01,61.9
Detroit MSA,1977-02-01,62.3
Detroit MSA,1977-03-01,63.1
Detroit MSA,1977-04-01,64.8
Detroit MSA,1977-05-01,65.7
Detroit MSA,1977-06-01,66.9
Detroit MSA,1977-07-01,66.9
Detroit MSA,1977-08-01,66.9
Detroit MSA,1977-09-01,66.4
Detroit MSA,1977-10-01,66.7
Detroit MSA,1977-11-01,67
Detroit MSA,1977-12-01,66.5
Detroit MSA,1978-01-01,64.5
Detroit MSA,1978-02-01,64.2
Detroit MSA,1978-03-01,65
Detroit MSA,1978-04-01,65
Detroit MSA,1978-05-01,65.3
Detroit MSA,1978-06-01,66.3
Detroit MSA,1978-07-01,64.2
Detroit MSA,1978-08-01,64.9
Detroit MSA,1978-09-01,66.3
Detroit MSA,1978-10-01,65.4
Detroit MSA,1978-11-01,65.4
Detroit MSA,1978-12-01,65.2
Detroit MSA,1979-01-01,63.2
Detroit MSA,1979-02-01,63.5
Detroit MSA,1979-03-01,63.9
Detroit MSA,1979-04-01,64.3
Detroit MSA,1979-05-01,64.8
Detroit MSA,1979-06-01,64.5
Detroit MSA,1979-07-01,64.7
Detroit MSA,1979-08-01,65.2
Detroit MSA,1979-09-01,65.5
Detroit MSA,1979-10-01,64.8
Detroit MSA,1979-11-01,64.5
Detroit MSA,1979-12-01,63.9
Detroit MSA,1980-01-01,62
Detroit MSA,1980-02-01,61.6
Detroit MSA,1980-03-01,62
Detroit MSA,1980-04-01,61.6
Detroit MSA,1980-05-01,61.2
Detroit MSA,1980-06-01,60.5
Detroit MSA,1980-07-01,58.9
Detroit MSA,1980-08-01,59.8
Detroit MSA,1980-09-01,59.8
Detroit MSA,1980-10-01,60.6
Detroit MSA,1980-11-01,60.9
Detroit MSA,1980-12-01,60.5
Detroit MSA,1981-01-01,57.6
Detroit MSA,1981-02-01,57.5
Detroit MSA,1981-03-01,58.3
Detroit MSA,1981-04-01,58.9
Detroit MSA,1981-05-01,59.8
Detroit MSA,1981-06-01,59.6
Detroit MSA,1981-07-01,58.6
Detroit MSA,1981-08-01,58.3
Detroit MSA,1981-09-01,59
Detroit MSA,1981-10-01,59.4
Detroit MSA,1981-11-01,58.9
Detroit MSA,1981-12-01,58
Detroit MSA,1982-01-01,55.1
Detroit MSA,1982-02-01,55.3
Detroit MSA,1982-03-01,55.7
Detroit MSA,1982-04-01,56.4
Detroit MSA,1982-05-01,57.2
Detroit MSA,1982-06-01,56.8
Detroit MSA,1982-07-01,56.4
Detroit MSA,1982-08-01,56.1
Detroit MSA,1982-09-01,55.6
Detroit MSA,1982-10-01,55.8
Detroit MSA,1982-11-01,55.5
Detroit MSA,1982-12-01,54.6
Detroit MSA,1983-01-01,53.7
Detroit MSA,1983-02-01,54.2
Detroit MSA,1983-03-01,54.5
Detroit MSA,1983-04-01,55.1
Detroit MSA,1983-05-01,55.8
Detroit MSA,1983-06-01,55.4
Detroit MSA,1983-07-01,55.1
Detroit MSA,1983-08-01,55.6
Detroit MSA,1983-09-01,56.3
Detroit MSA,1983-10-01,57.1
Detroit MSA,1983-11-01,57.2
Detroit MSA,1983-12-01,56.2
Detroit MSA,1984-01-01,55.6
Detroit MSA,1984-02-01,56
Detroit MSA,1984-03-01,56.7
Detroit MSA,1984-04-01,57.4
Detroit MSA,1984-05-01,58.2
Detroit MSA,1984-06-01,57.9
Detroit MSA,1984-07-01,57.7
Detroit MSA,1984-08-01,58.4
Detroit MSA,1984-09-01,58
Detroit MSA,1984-10-01,59
Detroit MSA,1984-11-01,59.2
Detroit MSA,1984-12-01,59
Detroit MSA,1985-01-01,57.7
Detroit MSA,1985-02-01,58.1
Detroit MSA,1985-03-01,59.2
Detroit MSA,1985-04-01,60.5
Detroit MSA,1985-05-01,61.2
Detroit MSA,1985-06-01,60.5
Detroit MSA,1985-07-01,60.2
Detroit MSA,1985-08-01,61
Detroit MSA,1985-09-01,60.6
Detroit MSA,1985-10-01,61.3
Detroit MSA,1985-11-01,61.9
Detroit MSA,1985-12-01,61.6
Detroit MSA,1986-01-01,60
Detroit MSA,1986-02-01,60.2
Detroit MSA,1986-03-01,61.2
Detroit MSA,1986-04-01,61.9
Detroit MSA,1986-05-01,62.4
Detroit MSA,1986-06-01,62.1
Detroit MSA,1986-07-01,61.4
Detroit MSA,1986-08-01,61.9
Detroit MSA,1986-09-01,61.1
Detroit MSA,1986-10-01,62.8
Detroit MSA,1986-11-01,62.9
Detroit MSA,1986-12-01,62.7
Detroit MSA,1987-01-01,61.9
Detroit MSA,1987-02-01,62.2
Detroit MSA,1987-03-01,62.9
Detroit MSA,1987-04-01,63.6
Detroit MSA,1987-05-01,64.2
Detroit MSA,1987-06-01,63.5
Detroit MSA,1987-07-01,63.9
Detroit MSA,1987-08-01,64.1
Detroit MSA,1987-09-01,64.1
Detroit MSA,1987-10-01,65.1
Detroit MSA,1987-11-01,65
Detroit MSA,1987-12-01,64.8
Detroit MSA,1988-01-01,63.4
Detroit MSA,1988-02-01,63.5
Detroit MSA,1988-03-01,64.4
Detroit MSA,1988-04-01,64.9
Detroit MSA,1988-05-01,65.7
Detroit MSA,1988-06-01,65.9
Detroit MSA,1988-07-01,65.1
Detroit MSA,1988-08-01,65.1
Detroit MSA,1988-09-01,65.7
Detroit MSA,1988-10-01,66.6
Detroit MSA,1988-11-01,67.1
Detroit MSA,1988-12-01,66.5
Detroit MSA,1989-01-01,65.1
Detroit MSA,1989-02-01,65.3
Detroit MSA,1989-03-01,65.7
Detroit MSA,1989-04-01,67.4
Detroit MSA,1989-05-01,67.9
Detroit MSA,1989-06-01,67.3
Detroit MSA,1989-07-01,67.3
Detroit MSA,1989-08-01,67.4
Detroit MSA,1989-09-01,67.3
Detroit MSA,1989-10-01,68.3
Detroit MSA,1989-11-01,68
Detroit MSA,1989-12-01,67.6
Detroit MSA,1990-01-01,63.8
Detroit MSA,1990-02-01,64
Detroit MSA,1990-03-01,64
Detroit MSA,1990-04-01,65.9
Detroit MSA,1990-05-01,67.4
Detroit MSA,1990-06-01,66.6
Detroit MSA,1990-07-01,66.3
Detroit MSA,1990-08-01,66.9
Detroit MSA,1990-09-01,67.3
Detroit MSA,1990-10-01,67.4
Detroit MSA,1990-11-01,66.4
Detroit MSA,1990-12-01,66.2
Detroit MSA,1991-01-01,63
Detroit MSA,1991-02-01,62.4
Detroit MSA,1991-03-01,62.6
Detroit MSA,1991-04-01,63.8
Detroit MSA,1991-05-01,65.3
Detroit MSA,1991-06-01,65
Detroit MSA,1991-07-01,64.9
Detroit MSA,1991-08-01,64.7
Detroit MSA,1991-09-01,65.1
Detroit MSA,1991-10-01,65.4
Detroit MSA,1991-11-01,64.7
Detroit MSA,1991-12-01,64.1
Detroit MSA,1992-01-01,62.8
Detroit MSA,1992-02-01,62.8
Detroit MSA,1992-03-01,63.9
Detroit MSA,1992-04-01,64.4
Detroit MSA,1992-05-01,65.9
Detroit MSA,1992-06-01,66
Detroit MSA,1992-07-01,65.2
Detroit MSA,1992-08-01,65.1
Detroit MSA,1992-09-01,65.5
Detroit MSA,1992-10-01,66
Detroit MSA,1992-11-01,65.5
Detroit MSA,1992-12-01,65.1
Detroit MSA,1993-01-01,63.7
Detroit MSA,1993-02-01,63.6
Detroit MSA,1993-03-01,64.3
Detroit MSA,1993-04-01,65.2
Detroit MSA,1993-05-01,66.4
Detroit MSA,1993-06-01,66.3
Detroit MSA,1993-07-01,66.1
Detroit MSA,1993-08-01,66.5
Detroit MSA,1993-09-01,66.5
Detroit MSA,1993-10-01,67.5
Detroit MSA,1993-11-01,67
Detroit MSA,1993-12-01,67
Detroit MSA,1994-01-01,65.3
Detroit MSA,1994-02-01,65.7
Detroit MSA,1994-03-01,66.7
Detroit MSA,1994-04-01,67
Detroit MSA,1994-05-01,68.2
Detroit MSA,1994-06-01,67.9
Detroit MSA,1994-07-01,67.8
Detroit MSA,1994-08-01,68.6
Detroit MSA,1994-09-01,69.2
Detroit MSA,1994-10-01,69.2
Detroit MSA,1994-11-01,69.3
Detroit MSA,1994-12-01,69.4
Detroit MSA,1995-01-01,66.8
Detroit MSA,1995-02-01,66.8
Detroit MSA,1995-03-01,67.5
Detroit MSA,1995-04-01,68.3
Detroit MSA,1995-05-01,69.3
Detroit MSA,1995-06-01,69.2
Detroit MSA,1995-07-01,69.4
Detroit MSA,1995-08-01,69.3
Detroit MSA,1995-09-01,69.6
Detroit MSA,1995-10-01,69.5
Detroit MSA,1995-11-01,69.5
Detroit MSA,1995-12-01,69.2
Detroit MSA,1996-01-01,66.6
Detroit MSA,1996-02-01,67
Detroit MSA,1996-03-01,68
Detroit MSA,1996-04-01,68.4
Detroit MSA,1996-05-01,69.6
Detroit MSA,1996-06-01,69.6
Detroit MSA,1996-07-01,67.9
Detroit MSA,1996-08-01,69.8
Detroit MSA,1996-09-01,68.9
Detroit MSA,1996-10-01,69.6
Detroit MSA,1996-11-01,69.4
Detroit MSA,1996-12-01,68.9
Detroit MSA,1997-01-01,66.7
Detroit MSA,1997-02-01,66.7
Detroit MSA,1997-03-01,67.8
Detroit MSA,1997-04-01,67.9
Detroit MSA,1997-05-01,69.3
Detroit MSA,1997-06-01,69.2
Detroit MSA,1997-07-01,67.3
Detroit MSA,1997-08-01,68.8
Detroit MSA,1997-09-01,69.3
Detroit MSA,1997-10-01,69.7
Detroit MSA,1997-11-01,69.4
Detroit MSA,1997-12-01,68.7
Detroit MSA,1998-01-01,67.4
Detroit MSA,1998-02-01,67.5
Detroit MSA,1998-03-01,67.8
Detroit MSA,1998-04-01,68.9
Detroit MSA,1998-05-01,70.4
Detroit MSA,1998-06-01,70.2
Detroit MSA,1998-07-01,67.9
Detroit MSA,1998-08-01,69.4
Detroit MSA,1998-09-01,70.2
Detroit MSA,1998-10-01,71.2
Detroit MSA,1998-11-01,71
Detroit MSA,1998-12-01,70.7
Detroit MSA,1999-01-01,68.3
Detroit MSA,1999-02-01,68.7
Detroit MSA,1999-03-01,69.4
Detroit MSA,1999-04-01,70.1
Detroit MSA,1999-05-01,71.4
Detroit MSA,1999-06-01,71.2
Detroit MSA,1999-07-01,71
Detroit MSA,1999-08-01,70.7
Detroit MSA,1999-09-01,71.7
Detroit MSA,1999-10-01,72
Detroit MSA,1999-11-01,71.2
Detroit MSA,1999-12-01,71.3
Detroit MSA,2000-01-01,69.7
Detroit MSA,2000-02-01,70.1
Detroit MSA,2000-03-01,70.5
Detroit MSA,2000-04-01,71.7
Detroit MSA,2000-05-01,72.1
Detroit MSA,2000-06-01,71.7
Detroit MSA,2000-07-01,71.8
Detroit MSA,2000-08-01,71.6
Detroit MSA,2000-09-01,72.3
Detroit MSA,2000-10-01,72.7
Detroit MSA,2000-11-01,72.3
Detroit MSA,2000-12-01,72.1
Detroit MSA,2001-01-01,68.3
Detroit MSA,2001-02-01,68.1
Detroit MSA,2001-03-01,69.1
Detroit MSA,2001-04-01,69.4
Detroit MSA,2001-05-01,70.2
Detroit MSA,2001-06-01,70.8
Detroit MSA,2001-07-01,68.5
Detroit MSA,2001-08-01,69.7
Detroit MSA,2001-09-01,70.3
Detroit MSA,2001-10-01,69.9
Detroit MSA,2001-11-01,69.6
Detroit MSA,2001-12-01,69.5
Detroit MSA,2002-01-01,66
Detroit MSA,2002-02-01,66.5
Detroit MSA,2002-03-01,67.7
Detroit MSA,2002-04-01,68.2
Detroit MSA,2002-05-01,69.5
Detroit MSA,2002-06-01,69.5
Detroit MSA,2002-07-01,67.1
Detroit MSA,2002-08-01,68.5
Detroit MSA,2002-09-01,68.9
Detroit MSA,2002-10-01,68.6
Detroit MSA,2002-11-01,68
Detroit MSA,2002-12-01,67.7
Detroit MSA,2003-01-01,65.5
Detroit MSA,2003-02-01,65.6
Detroit MSA,2003-03-01,66.1
Detroit MSA,2003-04-01,65.8
Detroit MSA,2003-05-01,67.5
Detroit MSA,2003-06-01,67.4
Detroit MSA,2003-07-01,65.4
Detroit MSA,2003-08-01,65.5
Detroit MSA,2003-09-01,66.2
Detroit MSA,2003-10-01,65.7
Detroit MSA,2003-11-01,65.7
Detroit MSA,2003-12-01,64.9
Detroit MSA,2004-01-01,62.9
Detroit MSA,2004-02-01,63.2
Detroit MSA,2004-03-01,64.2
Detroit MSA,2004-04-01,64.6
Detroit MSA,2004-05-01,65.4
Detroit MSA,2004-06-01,65.6
Detroit MSA,2004-07-01,64
Detroit MSA,2004-08-01,64.9
Detroit MSA,2004-09-01,66.1
Detroit MSA,2004-10-01,65.9
Detroit MSA,2004-11-01,65.4
Detroit MSA,2004-12-01,65.1
Detroit MSA,2005-01-01,63.3
Detroit MSA,2005-02-01,63.6
Detroit MSA,2005-03-01,64.4
Detroit MSA,2005-04-01,65.3
Detroit MSA,2005-05-01,65.6
Detroit MSA,2005-06-01,65.8
Detroit MSA,2005-07-01,65.1
Detroit MSA,2005-08-01,65.1
Detroit MSA,2005-09-01,66.2
Detroit MSA,2005-10-01,66.3
Detroit MSA,2005-11-01,65.8
Detroit MSA,2005-12-01,65.5
Detroit MSA,2006-01-01,62.4
Detroit MSA,2006-02-01,62.6
Detroit MSA,2006-03-01,63.2
Detroit MSA,2006-04-01,63.8
Detroit MSA,2006-05-01,64.9
Detroit MSA,2006-06-01,65
Detroit MSA,2006-07-01,63.9
Detroit MSA,2006-08-01,64.2
Detroit MSA,2006-09-01,65.2
Detroit MSA,2006-10-01,64.7
Detroit MSA,2006-11-01,64.3
Detroit MSA,2006-12-01,64
Detroit MSA,2007-01-01,61.6
Detroit MSA,2007-02-01,62
Detroit MSA,2007-03-01,62.7
Detroit MSA,2007-04-01,63.6
Detroit MSA,2007-05-01,64.8
Detroit MSA,2007-06-01,65.4
Detroit MSA,2007-07-01,65.2
Detroit MSA,2007-08-01,67.2
Detroit MSA,2007-09-01,67.3
Detroit MSA,2007-10-01,66.7
Detroit MSA,2007-11-01,66
Detroit MSA,2007-12-01,65.9
Detroit MSA,2008-01-01,63.2
Detroit MSA,2008-02-01,63.3
Detroit MSA,2008-03-01,63.7
Detroit MSA,2008-04-01,64.6
Detroit MSA,2008-05-01,65.8
Detroit MSA,2008-06-01,66.1
Detroit MSA,2008-07-01,65.1
Detroit MSA,2008-08-01,65.5
Detroit MSA,2008-09-01,65.3
Detroit MSA,2008-10-01,64.9
Detroit MSA,2008-11-01,64
Detroit MSA,2008-12-01,62.2
Detroit MSA,2009-01-01,58.5
Detroit MSA,2009-02-01,58.3
Detroit MSA,2009-03-01,58.8
Detroit MSA,2009-04-01,60
Detroit MSA,2009-05-01,60.5
Detroit MSA,2009-06-01,61.1
Detroit MSA,2009-07-01,59.5
Detroit MSA,2009-08-01,59.8
Detroit MSA,2009-09-01,59.6
Detroit MSA,2009-10-01,59.8
Detroit MSA,2009-11-01,59.3
Detroit MSA,2009-12-01,58.9
Detroit MSA,2010-01-01,56.3
Detroit MSA,2010-02-01,56.6
Detroit MSA,2010-03-01,57.3
Detroit MSA,2010-04-01,58.9
Detroit MSA,2010-05-01,60.2
Detroit MSA,2010-06-01,61.1
Detroit MSA,2010-07-01,61
Detroit MSA,2010-08-01,60.8
Detroit MSA,2010-09-01,60.7
Detroit MSA,2010-10-01,60.6
Detroit MSA,2010-11-01,59.9
Detroit MSA,2010-12-01,59.7
Detroit MSA,2011-01-01,57.3
Detroit MSA,2011-02-01,57.5
Detroit MSA,2011-03-01,58.3
Detroit MSA,2011-04-01,59.1
Detroit MSA,2011-05-01,60.1
Detroit MSA,2011-06-01,60.9
Detroit MSA,2011-07-01,60.6
Detroit MSA,2011-08-01,61.1
Detroit MSA,2011-09-01,60.8
Detroit MSA,2011-10-01,60.6
Detroit MSA,2011-11-01,60.1
Detroit MSA,2011-12-01,59.5
Detroit MSA,2012-01-01,57.3
Detroit MSA,2012-02-01,57.3
Detroit MSA,2012-03-01,58.3
Detroit MSA,2012-04-01,59.5
Detroit MSA,2012-05-01,60.7
Detroit MSA,2012-06-01,61.7
Detroit MSA,2012-07-01,60.9
Detroit MSA,2012-08-01,61
Detroit MSA,2012-09-01,61.5
Detroit MSA,2012-10-01,60.9
Detroit MSA,2012-11-01,60.3
Detroit MSA,2012-12-01,59.8
Detroit MSA,2013-01-01,57.5
Detroit MSA,2013-02-01,57.6
Detroit MSA,2013-03-01,58.2
Detroit MSA,2013-04-01,58.6
Detroit MSA,2013-05-01,60
Detroit MSA,2013-06-01,61.2
Detroit MSA,2013-07-01,60.7
Detroit MSA,2013-08-01,60.8
Detroit MSA,2013-09-01,61.2
Detroit MSA,2013-10-01,61.1
Detroit MSA,2013-11-01,60.1
Detroit MSA,2013-12-01,59.8
Detroit MSA,2014-01-01,58.2
Detroit MSA,2014-02-01,58.5
Detroit MSA,2014-03-01,59.3
Detroit MSA,2014-04-01,60.1
Detroit MSA,2014-05-01,61.6
Detroit MSA,2014-06-01,62.4
Detroit MSA,2014-07-01,62.2
Detroit MSA,2014-08-01,62.3
Detroit MSA,2014-09-01,61.8
Detroit MSA,2014-10-01,61.4
Detroit MSA,2014-11-01,60.9
Detroit MSA,2014-12-01,60.7
Detroit MSA,2015-01-01,59.4
Detroit MSA,2015-02-01,59.5
Detroit MSA,2015-03-01,60.1
Detroit MSA,2015-04-01,61
Detroit MSA,2015-05-01,62.4
Detroit MSA,2015-06-01,63.4
Detroit MSA,2015-07-01,62.9
Detroit MSA,2015-08-01,62.6
Detroit MSA,2015-09-01,62.5
Detroit MSA,2015-10-01,62
Detroit MSA,2015-11-01,61.7
Detroit MSA,2015-12-01,61.1
Detroit MSA,2016-01-01,59.6
Detroit MSA,2016-02-01,59.8
Detroit MSA,2016-03-01,60.6
Detroit MSA,2016-04-01,61.8
Detroit MSA,2016-05-01,63.3
Detroit MSA,2016-06-01,63.8
Detroit MSA,2016-07-01,63.2
Detroit MSA,2016-08-01,63.4
Detroit MSA,2016-09-01,63.4
Detroit MSA,2016-10-01,63.1
Detroit MSA,2016-11-01,62.8
Detroit MSA,2016-12-01,62
Detroit MSA,2017-01-01,60.5
Detroit MSA,2017-02-01,61
Detroit MSA,2017-03-01,62
Detroit MSA,2017-04-01,61.9
Detroit MSA,2017-05-01,63.7
Detroit MSA,2017-06-01,65
Detroit MSA,2017-07-01,63.9
Detroit MSA,2017-08-01,64
Detroit MSA,2017-09-01,63.2
Detroit MSA,2017-10-01,63.1
Detroit MSA,2017-11-01,62.8
Detroit MSA,2017-12-01,62.1
Detroit MSA,2018-01-01,60
Detroit MSA,2018-02-01,60.8
Detroit MSA,2018-03-01,61.8
Detroit MSA,2018-04-01,62.1
Detroit MSA,2018-05-01,63.1
Detroit MSA,2018-06-01,64.5
Detroit MSA,2018-07-01,63.2
Detroit MSA,2018-08-01,63.1
Detroit MSA,2018-09-01,62.6
Detroit MSA,2018-10-01,63.2
Detroit MSA,2018-11-01,62.4
Detroit MSA,2018-12-01,61.9
Detroit MSA,2019-01-01,60.7
Detroit MSA,2019-02-01,61.2
Detroit MSA,2019-03-01,62.4
Detroit MSA,2019-04-01,62.8
Detroit MSA,2019-05-01,64
Detroit MSA,2019-06-01,64.8
Detroit MSA,2019-07-01,63.9
Detroit MSA,2019-08-01,63.2
Detroit MSA,2019-09-01,63.4
Detroit MSA,2019-10-01,64.3
Detroit MSA,2019-11-01,63.8
Detroit MSA,2019-12-01,63.2
Detroit MSA,2020-01-01,61.4
Detroit MSA,2020-02-01,61.6
Detroit MSA,2020-03-01,62
Detroit MSA,2020-04-01,50.1
Detroit MSA,2020-05-01,50.1
Detroit MSA,2020-06-01,56.1
Detroit MSA,2020-07-01,57.6
Detroit MSA,2020-08-01,58.2
Detroit MSA,2020-09-01,58.9
Detroit MSA,2020-10-01,58.4
Detroit MSA,2020-11-01,58
Detroit MSA,2020-12-01,56.4
Detroit MSA,2021-01-01,55
Detroit MSA,2021-02-01,56.5
Detroit MSA,2021-03-01,57.4
Detroit MSA,2021-04-01,58.5
Detroit MSA,2021-05-01,59.4
Detroit MSA,2021-06-01,60.5
Detroit MSA,2021-07-01,60.3
Detroit MSA,2021-08-01,60
Detroit MSA,2021-09-01,59.7
Detroit MSA,2021-10-01,60.5
Detroit MSA,2021-11-01,60.4
Detroit MSA,2021-12-01,60.2
Detroit MSA,2022-01-01,58.9
Detroit MSA,2022-02-01,59.5
Detroit MSA,2022-03-01,60.2
Detroit MSA,2022-04-01,61.5
Detroit MSA,2022-05-01,62.2
Detroit MSA,2022-06-01,63.2
Detroit MSA,2022-07-01,62.6
Detroit MSA,2022-08-01,62.8
Detroit MSA,2022-09-01,62.7
Detroit MSA,2022-10-01,62.8
Detroit MSA,2022-11-01,62.2
Detroit MSA,2022-12-01,61.7
Detroit MSA,2023-01-01,60.4
Detroit MSA,2023-02-01,61.1
Detroit MSA,2023-03-01,61.6
Detroit MSA,2023-04-01,61.6
Detroit MSA,2023-05-01,63.2
Detroit MSA,2023-06-01,64.6
Detroit MSA,2023-07-01,64.3
Detroit MSA,2023-08-01,64.7
Detroit MSA,2023-09-01,64
Detroit MSA,2023-10-01,63.7
Detroit MSA,2023-11-01,63.6
Detroit MSA,2023-12-01,63.3
Detroit MSA,2024-01-01,61.6
Detroit MSA,2024-02-01,62.3
Detroit MSA,2024-03-01,63.4
Detroit MSA,2024-04-01,64.3
Detroit MSA,2024-05-01,65.6
Detroit MSA,2024-06-01,66.6
Detroit MSA,2024-07-01,64.9
Detroit MSA,2024-08-01,65.1
Detroit MSA,2024-09-01,64.7
Detroit MSA,2024-10-01,64.4
Detroit MSA,2024-11-01,63.8
Detroit MSA,2024-12-01,63
Detroit MSA,2025-01-01,61.7
Detroit MSA,2025-02-01,61.8
Detroit MSA,2025-03-01,62.5
Detroit MSA,2025-04-01,63.3
Detroit MSA,2025-05-01,64.9
Detroit MSA,2025-06-01,65.3
Detroit MSA,2025-07-01,64.4
Detroit MSA,2025-08-01,64.6
Detroit MSA,2025-09-01,64.5
Detroit MSA,2025-10-01,64.5
Detroit MSA,2025-11-01,64.2
Detroit MSA,2025-12-01,64
Detroit MSA,2026-01-01,62.7
Detroit MSA,2026-02-01,62.8
Detroit MSA,2026-03-01,63.5
Detroit MSA,2026-04-01,63.7
Detroit MSA,2026-05-01,64.6
Michigan Statewide,1956-01-01,2559.2
Michigan Statewide,1956-02-01,2504.6
Michigan Statewide,1956-03-01,2490.5
Michigan Statewide,1956-04-01,2490.3
Michigan Statewide,1956-05-01,2456.7
Michigan Statewide,1956-06-01,2443.9
Michigan Statewide,1956-07-01,2404.4
Michigan Statewide,1956-08-01,2409.2
Michigan Statewide,1956-09-01,2401.6
Michigan Statewide,1956-10-01,2489.1
Michigan Statewide,1956-11-01,2526.3
Michigan Statewide,1956-12-01,2558.2
Michigan Statewide,1957-01-01,2505.5
Michigan Statewide,1957-02-01,2488.9
Michigan Statewide,1957-03-01,2480.5
Michigan Statewide,1957-04-01,2466.6
Michigan Statewide,1957-05-01,2450.5
Michigan Statewide,1957-06-01,2436.6
Michigan Statewide,1957-07-01,2415
Michigan Statewide,1957-08-01,2424.1
Michigan Statewide,1957-09-01,2355.2
Michigan Statewide,1957-10-01,2410.2
Michigan Statewide,1957-11-01,2437.2
Michigan Statewide,1957-12-01,2454.2
Michigan Statewide,1958-01-01,2325.5
Michigan Statewide,1958-02-01,2240.9
Michigan Statewide,1958-03-01,2208.3
Michigan Statewide,1958-04-01,2175.4
Michigan Statewide,1958-05-01,2167.6
Michigan Statewide,1958-06-01,2170.7
Michigan Statewide,1958-07-01,2136.5
Michigan Statewide,1958-08-01,2128.3
Michigan Statewide,1958-09-01,2209.7
Michigan Statewide,1958-10-01,2122.6
Michigan Statewide,1958-11-01,2262.9
Michigan Statewide,1958-12-01,2288.4
Michigan Statewide,1959-01-01,2247.8
Michigan Statewide,1959-02-01,2221.3
Michigan Statewide,1959-03-01,2253.9
Michigan Statewide,1959-04-01,2274.1
Michigan Statewide,1959-05-01,2312.1
Michigan Statewide,1959-06-01,2333.5
Michigan Statewide,1959-07-01,2320
Michigan Statewide,1959-08-01,2270.7
Michigan Statewide,1959-09-01,2346.4
Michigan Statewide,1959-10-01,2353.7
Michigan Statewide,1959-11-01,2245
Michigan Statewide,1959-12-01,2382
Michigan Statewide,1960-01-01,2347
Michigan Statewide,1960-02-01,2346.8
Michigan Statewide,1960-03-01,2330.2
Michigan Statewide,1960-04-01,2357.4
Michigan Statewide,1960-05-01,2361.8
Michigan Statewide,1960-06-01,2370.4
Michigan Statewide,1960-07-01,2344.3
Michigan Statewide,1960-08-01,2308.2
Michigan Statewide,1960-09-01,2373.7
Michigan Statewide,1960-10-01,2373.2
Michigan Statewide,1960-11-01,2347.1
Michigan Statewide,1960-12-01,2337.1
Michigan Statewide,1961-01-01,2233.6
Michigan Statewide,1961-02-01,2145.9
Michigan Statewide,1961-03-01,2128.1
Michigan Statewide,1961-04-01,2205
Michigan Statewide,1961-05-01,2254.2
Michigan Statewide,1961-06-01,2279.3
Michigan Statewide,1961-07-01,2251.9
Michigan Statewide,1961-08-01,2236.3
Michigan Statewide,1961-09-01,2268.1
Michigan Statewide,1961-10-01,2272.3
Michigan Statewide,1961-11-01,2321.8
Michigan Statewide,1961-12-01,2342
Michigan Statewide,1962-01-01,2271.1
Michigan Statewide,1962-02-01,2254
Michigan Statewide,1962-03-01,2261.9
Michigan Statewide,1962-04-01,2306.9
Michigan Statewide,1962-05-01,2337.8
Michigan Statewide,1962-06-01,2364.3
Michigan Statewide,1962-07-01,2343
Michigan Statewide,1962-08-01,2294.1
Michigan Statewide,1962-09-01,2386.4
Michigan Statewide,1962-10-01,2397.2
Michigan Statewide,1962-11-01,2393.8
Michigan Statewide,1962-12-01,2408.6
Michigan Statewide,1963-01-01,2337.7
Michigan Statewide,1963-02-01,2327.8
Michigan Statewide,1963-03-01,2332.8
Michigan Statewide,1963-04-01,2375.9
Michigan Statewide,1963-05-01,2403.8
Michigan Statewide,1963-06-01,2430.3
Michigan Statewide,1963-07-01,2413.1
Michigan Statewide,1963-08-01,2383.2
Michigan Statewide,1963-09-01,2462
Michigan Statewide,1963-10-01,2477.6
Michigan Statewide,1963-11-01,2479.4
Michigan Statewide,1963-12-01,2500.8
Michigan Statewide,1964-01-01,2442.3
Michigan Statewide,1964-02-01,2435.7
Michigan Statewide,1964-03-01,2448.1
Michigan Statewide,1964-04-01,2481
Michigan Statewide,1964-05-01,2507.9
Michigan Statewide,1964-06-01,2530.9
Michigan Statewide,1964-07-01,2515
Michigan Statewide,1964-08-01,2507.5
Michigan Statewide,1964-09-01,2585
Michigan Statewide,1964-10-01,2467.6
Michigan Statewide,1964-11-01,2597.8
Michigan Statewide,1964-12-01,2635.5
Michigan Statewide,1965-01-01,2576.2
Michigan Statewide,1965-02-01,2574.1
Michigan Statewide,1965-03-01,2592
Michigan Statewide,1965-04-01,2642.9
Michigan Statewide,1965-05-01,2674.1
Michigan Statewide,1965-06-01,2704.4
Michigan Statewide,1965-07-01,2694.5
Michigan Statewide,1965-08-01,2643.9
Michigan Statewide,1965-09-01,2733.5
Michigan Statewide,1965-10-01,2776.8
Michigan Statewide,1965-11-01,2790.2
Michigan Statewide,1965-12-01,2821.1
Michigan Statewide,1966-01-01,2767
Michigan Statewide,1966-02-01,2761.5
Michigan Statewide,1966-03-01,2785.2
Michigan Statewide,1966-04-01,2832.4
Michigan Statewide,1966-05-01,2865.4
Michigan Statewide,1966-06-01,2886.4
Michigan Statewide,1966-07-01,2846.6
Michigan Statewide,1966-08-01,2827.3
Michigan Statewide,1966-09-01,2917.9
Michigan Statewide,1966-10-01,2928.2
Michigan Statewide,1966-11-01,2953.2
Michigan Statewide,1966-12-01,2961
Michigan Statewide,1967-01-01,2880.1
Michigan Statewide,1967-02-01,2856.9
Michigan Statewide,1967-03-01,2855.9
Michigan Statewide,1967-04-01,2872.8
Michigan Statewide,1967-05-01,2908.6
Michigan Statewide,1967-06-01,2931.8
Michigan Statewide,1967-07-01,2869.7
Michigan Statewide,1967-08-01,2896.9
Michigan Statewide,1967-09-01,2881.4
Michigan Statewide,1967-10-01,2877.9
Michigan Statewide,1967-11-01,2974.4
Michigan Statewide,1967-12-01,2999.6
Michigan Statewide,1968-01-01,2924.7
Michigan Statewide,1968-02-01,2918
Michigan Statewide,1968-03-01,2927.4
Michigan Statewide,1968-04-01,2959.3
Michigan Statewide,1968-05-01,2925.7
Michigan Statewide,1968-06-01,2931.3
Michigan Statewide,1968-07-01,2895.9
Michigan Statewide,1968-08-01,2924.9
Michigan Statewide,1968-09-01,2995.4
Michigan Statewide,1968-10-01,3023.7
Michigan Statewide,1968-11-01,3030.3
Michigan Statewide,1968-12-01,3059.9
Michigan Statewide,1969-01-01,3014.4
Michigan Statewide,1969-02-01,3019.3
Michigan Statewide,1969-03-01,3035.7
Michigan Statewide,1969-04-01,3018.3
Michigan Statewide,1969-05-01,3082
Michigan Statewide,1969-06-01,3100.4
Michigan Statewide,1969-07-01,3047.9
Michigan Statewide,1969-08-01,3070.1
Michigan Statewide,1969-09-01,3125.7
Michigan Statewide,1969-10-01,3151.1
Michigan Statewide,1969-11-01,3151.4
Michigan Statewide,1969-12-01,3156.5
Michigan Statewide,1970-01-01,3030.6
Michigan Statewide,1970-02-01,2998.5
Michigan Statewide,1970-03-01,3015.6
Michigan Statewide,1970-04-01,3034.7
Michigan Statewide,1970-05-01,3060.5
Michigan Statewide,1970-06-01,3075.4
Michigan Statewide,1970-07-01,2984.2
Michigan Statewide,1970-08-01,2988.4
Michigan Statewide,1970-09-01,3052.6
Michigan Statewide,1970-10-01,2875.7
Michigan Statewide,1970-11-01,2846.5
Michigan Statewide,1970-12-01,3026
Michigan Statewide,1971-01-01,2957.2
Michigan Statewide,1971-02-01,2936.7
Michigan Statewide,1971-03-01,2944.9
Michigan Statewide,1971-04-01,2965.5
Michigan Statewide,1971-05-01,3010.7
Michigan Statewide,1971-06-01,3032.9
Michigan Statewide,1971-07-01,2936.3
Michigan Statewide,1971-08-01,2957.1
Michigan Statewide,1971-09-01,3031.7
Michigan Statewide,1971-10-01,3048
Michigan Statewide,1971-11-01,3054.1
Michigan Statewide,1971-12-01,3065.4
Michigan Statewide,1972-01-01,3021.8
Michigan Statewide,1972-02-01,3019.8
Michigan Statewide,1972-03-01,3036.8
Michigan Statewide,1972-04-01,3072.6
Michigan Statewide,1972-05-01,3125.2
Michigan Statewide,1972-06-01,3144.1
Michigan Statewide,1972-07-01,3035.1
Michigan Statewide,1972-08-01,3111.9
Michigan Statewide,1972-09-01,3184.7
Michigan Statewide,1972-10-01,3213.7
Michigan Statewide,1972-11-01,3223
Michigan Statewide,1972-12-01,3238.6
Michigan Statewide,1973-01-01,3181.9
Michigan Statewide,1973-02-01,3186.1
Michigan Statewide,1973-03-01,3208.8
Michigan Statewide,1973-04-01,3252.1
Michigan Statewide,1973-05-01,3292.6
Michigan Statewide,1973-06-01,3321.1
Michigan Statewide,1973-07-01,3271.4
Michigan Statewide,1973-08-01,3279.4
Michigan Statewide,1973-09-01,3324.7
Michigan Statewide,1973-10-01,3349.4
Michigan Statewide,1973-11-01,3376.6
Michigan Statewide,1973-12-01,3368.3
Michigan Statewide,1974-01-01,3258.2
Michigan Statewide,1974-02-01,3214.1
Michigan Statewide,1974-03-01,3217
Michigan Statewide,1974-04-01,3243.3
Michigan Statewide,1974-05-01,3282.4
Michigan Statewide,1974-06-01,3324
Michigan Statewide,1974-07-01,3294.8
Michigan Statewide,1974-08-01,3309.6
Michigan Statewide,1974-09-01,3345.1
Michigan Statewide,1974-10-01,3327.3
Michigan Statewide,1974-11-01,3305.9
Michigan Statewide,1974-12-01,3210.6
Michigan Statewide,1975-01-01,3081.9
Michigan Statewide,1975-02-01,3034.3
Michigan Statewide,1975-03-01,3046.3
Michigan Statewide,1975-04-01,3074.1
Michigan Statewide,1975-05-01,3126
Michigan Statewide,1975-06-01,3144.6
Michigan Statewide,1975-07-01,3117.7
Michigan Statewide,1975-08-01,3145.9
Michigan Statewide,1975-09-01,3191.4
Michigan Statewide,1975-10-01,3218.7
Michigan Statewide,1975-11-01,3225.7
Michigan Statewide,1975-12-01,3232.8
Michigan Statewide,1976-01-01,3163.2
Michigan Statewide,1976-02-01,3177.6
Michigan Statewide,1976-03-01,3200
Michigan Statewide,1976-04-01,3251.8
Michigan Statewide,1976-05-01,3284.7
Michigan Statewide,1976-06-01,3315.2
Michigan Statewide,1976-07-01,3265.5
Michigan Statewide,1976-08-01,3298.3
Michigan Statewide,1976-09-01,3337.7
Michigan Statewide,1976-10-01,3344.2
Michigan Statewide,1976-11-01,3375.8
Michigan Statewide,1976-12-01,3382.5
Michigan Statewide,1977-01-01,3287
Michigan Statewide,1977-02-01,3301.5
Michigan Statewide,1977-03-01,3332.7
Michigan Statewide,1977-04-01,3367
Michigan Statewide,1977-05-01,3431
Michigan Statewide,1977-06-01,3469.8
Michigan Statewide,1977-07-01,3455.3
Michigan Statewide,1977-08-01,3454.9
Michigan Statewide,1977-09-01,3519
Michigan Statewide,1977-10-01,3548.8
Michigan Statewide,1977-11-01,3562.1
Michigan Statewide,1977-12-01,3578.6
Michigan Statewide,1978-01-01,3482.8
Michigan Statewide,1978-02-01,3487.3
Michigan Statewide,1978-03-01,3522
Michigan Statewide,1978-04-01,3576.9
Michigan Statewide,1978-05-01,3621.7
Michigan Statewide,1978-06-01,3646.3
Michigan Statewide,1978-07-01,3602.9
Michigan Statewide,1978-08-01,3592.6
Michigan Statewide,1978-09-01,3671.1
Michigan Statewide,1978-10-01,3694.4
Michigan Statewide,1978-11-01,3702.3
Michigan Statewide,1978-12-01,3712.2
Michigan Statewide,1979-01-01,3600.4
Michigan Statewide,1979-02-01,3604.7
Michigan Statewide,1979-03-01,3624.9
Michigan Statewide,1979-04-01,3630.2
Michigan Statewide,1979-05-01,3691.7
Michigan Statewide,1979-06-01,3700.7
Michigan Statewide,1979-07-01,3647.4
Michigan Statewide,1979-08-01,3588
Michigan Statewide,1979-09-01,3645
Michigan Statewide,1979-10-01,3650
Michigan Statewide,1979-11-01,3626.6
Michigan Statewide,1979-12-01,3635.1
Michigan Statewide,1980-01-01,3500.8
Michigan Statewide,1980-02-01,3499
Michigan Statewide,1980-03-01,3491.2
Michigan Statewide,1980-04-01,3440.5
Michigan Statewide,1980-05-01,3424.8
Michigan Statewide,1980-06-01,3420.3
Michigan Statewide,1980-07-01,3355.1
Michigan Statewide,1980-08-01,3357.3
Michigan Statewide,1980-09-01,3402.8
Michigan Statewide,1980-10-01,3470.6
Michigan Statewide,1980-11-01,3480.9
Michigan Statewide,1980-12-01,3470.4
Michigan Statewide,1981-01-01,3362.8
Michigan Statewide,1981-02-01,3351.9
Michigan Statewide,1981-03-01,3375.1
Michigan Statewide,1981-04-01,3380.1
Michigan Statewide,1981-05-01,3405.1
Michigan Statewide,1981-06-01,3418.5
Michigan Statewide,1981-07-01,3341.5
Michigan Statewide,1981-08-01,3317.1
Michigan Statewide,1981-09-01,3369.4
Michigan Statewide,1981-10-01,3392.8
Michigan Statewide,1981-11-01,3352.5
Michigan Statewide,1981-12-01,3305.6
Michigan Statewide,1982-01-01,3204.6
Michigan Statewide,1982-02-01,3196.7
Michigan Statewide,1982-03-01,3204.5
Michigan Statewide,1982-04-01,3188.9
Michigan Statewide,1982-05-01,3234.6
Michigan Statewide,1982-06-01,3224.3
Michigan Statewide,1982-07-01,3188
Michigan Statewide,1982-08-01,3170
Michigan Statewide,1982-09-01,3191.4
Michigan Statewide,1982-10-01,3185.9
Michigan Statewide,1982-11-01,3168.5
Michigan Statewide,1982-12-01,3161.9
Michigan Statewide,1983-01-01,3098.3
Michigan Statewide,1983-02-01,3115.7
Michigan Statewide,1983-03-01,3133.8
Michigan Statewide,1983-04-01,3171.1
Michigan Statewide,1983-05-01,3214.7
Michigan Statewide,1983-06-01,3237.8
Michigan Statewide,1983-07-01,3219.2
Michigan Statewide,1983-08-01,3205.4
Michigan Statewide,1983-09-01,3293.6
Michigan Statewide,1983-10-01,3320.1
Michigan Statewide,1983-11-01,3333.8
Michigan Statewide,1983-12-01,3333.8
Michigan Statewide,1984-01-01,3264.3
Michigan Statewide,1984-02-01,3286.2
Michigan Statewide,1984-03-01,3310.8
Michigan Statewide,1984-04-01,3339.5
Michigan Statewide,1984-05-01,3379.2
Michigan Statewide,1984-06-01,3396.5
Michigan Statewide,1984-07-01,3371.8
Michigan Statewide,1984-08-01,3372.8
Michigan Statewide,1984-09-01,3439.3
Michigan Statewide,1984-10-01,3469.9
Michigan Statewide,1984-11-01,3467
Michigan Statewide,1984-12-01,3475
Michigan Statewide,1985-01-01,3437.9
Michigan Statewide,1985-02-01,3446.5
Michigan Statewide,1985-03-01,3470.5
Michigan Statewide,1985-04-01,3506.5
Michigan Statewide,1985-05-01,3558
Michigan Statewide,1985-06-01,3575.6
Michigan Statewide,1985-07-01,3556.1
Michigan Statewide,1985-08-01,3566.2
Michigan Statewide,1985-09-01,3624.6
Michigan Statewide,1985-10-01,3658.3
Michigan Statewide,1985-11-01,3668.6
Michigan Statewide,1985-12-01,3668.8
Michigan Statewide,1986-01-01,3581
Michigan Statewide,1986-02-01,3581.8
Michigan Statewide,1986-03-01,3593.7
Michigan Statewide,1986-04-01,3635.1
Michigan Statewide,1986-05-01,3663.5
Michigan Statewide,1986-06-01,3666.1
Michigan Statewide,1986-07-01,3626.3
Michigan Statewide,1986-08-01,3639.7
Michigan Statewide,1986-09-01,3680.9
Michigan Statewide,1986-10-01,3734.6
Michigan Statewide,1986-11-01,3743.8
Michigan Statewide,1986-12-01,3741.3
Michigan Statewide,1987-01-01,3650.7
Michigan Statewide,1987-02-01,3665
Michigan Statewide,1987-03-01,3675.1
Michigan Statewide,1987-04-01,3712.3
Michigan Statewide,1987-05-01,3739.8
Michigan Statewide,1987-06-01,3753.2
Michigan Statewide,1987-07-01,3706.8
Michigan Statewide,1987-08-01,3723.3
Michigan Statewide,1987-09-01,3764.2
Michigan Statewide,1987-10-01,3811.6
Michigan Statewide,1987-11-01,3809.9
Michigan Statewide,1987-12-01,3817.9
Michigan Statewide,1988-01-01,3704.4
Michigan Statewide,1988-02-01,3713.9
Michigan Statewide,1988-03-01,3740.2
Michigan Statewide,1988-04-01,3779.7
Michigan Statewide,1988-05-01,3823.3
Michigan Statewide,1988-06-01,3841.3
Michigan Statewide,1988-07-01,3806.1
Michigan Statewide,1988-08-01,3794.4
Michigan Statewide,1988-09-01,3866.7
Michigan Statewide,1988-10-01,3902.5
Michigan Statewide,1988-11-01,3939.7
Michigan Statewide,1988-12-01,3919.1
Michigan Statewide,1989-01-01,3814.2
Michigan Statewide,1989-02-01,3829
Michigan Statewide,1989-03-01,3847.6
Michigan Statewide,1989-04-01,3894.1
Michigan Statewide,1989-05-01,3934.2
Michigan Statewide,1989-06-01,3946.8
Michigan Statewide,1989-07-01,3898.4
Michigan Statewide,1989-08-01,3921.3
Michigan Statewide,1989-09-01,3968.6
Michigan Statewide,1989-10-01,3999.1
Michigan Statewide,1989-11-01,4000
Michigan Statewide,1989-12-01,4015.9
Michigan Statewide,1990-01-01,3827.3
Michigan Statewide,1990-02-01,3877.5
Michigan Statewide,1990-03-01,3911.7
Michigan Statewide,1990-04-01,3930.3
Michigan Statewide,1990-05-01,3987.9
Michigan Statewide,1990-06-01,4007.3
Michigan Statewide,1990-07-01,3951.9
Michigan Statewide,1990-08-01,3964.7
Michigan Statewide,1990-09-01,3991.6
Michigan Statewide,1990-10-01,3991.3
Michigan Statewide,1990-11-01,3964
Michigan Statewide,1990-12-01,3963.1
Michigan Statewide,1991-01-01,3831.6
Michigan Statewide,1991-02-01,3823.6
Michigan Statewide,1991-03-01,3827.4
Michigan Statewide,1991-04-01,3841
Michigan Statewide,1991-05-01,3900.3
Michigan Statewide,1991-06-01,3908.8
Michigan Statewide,1991-07-01,3863.1
Michigan Statewide,1991-08-01,3875.6
Michigan Statewide,1991-09-01,3926.2
Michigan Statewide,1991-10-01,3947.5
Michigan Statewide,1991-11-01,3945.5
Michigan Statewide,1991-12-01,3941.6
Michigan Statewide,1992-01-01,3807.3
Michigan Statewide,1992-02-01,3831.5
Michigan Statewide,1992-03-01,3852.1
Michigan Statewide,1992-04-01,3884.7
Michigan Statewide,1992-05-01,3939.4
Michigan Statewide,1992-06-01,3956.6
Michigan Statewide,1992-07-01,3909.1
Michigan Statewide,1992-08-01,3921.7
Michigan Statewide,1992-09-01,3962.8
Michigan Statewide,1992-10-01,3991
Michigan Statewide,1992-11-01,3990.2
Michigan Statewide,1992-12-01,3995
Michigan Statewide,1993-01-01,3893.9
Michigan Statewide,1993-02-01,3906.6
Michigan Statewide,1993-03-01,3921.8
Michigan Statewide,1993-04-01,3957.5
Michigan Statewide,1993-05-01,4011.5
Michigan Statewide,1993-06-01,4022.8
Michigan Statewide,1993-07-01,3978.7
Michigan Statewide,1993-08-01,3978.6
Michigan Statewide,1993-09-01,4048.2
Michigan Statewide,1993-10-01,4086.6
Michigan Statewide,1993-11-01,4091.9
Michigan Statewide,1993-12-01,4107.9
Michigan Statewide,1994-01-01,4003.5
Michigan Statewide,1994-02-01,4020.6
Michigan Statewide,1994-03-01,4056.9
Michigan Statewide,1994-04-01,4088.3
Michigan Statewide,1994-05-01,4145.5
Michigan Statewide,1994-06-01,4165.5
Michigan Statewide,1994-07-01,4120.3
Michigan Statewide,1994-08-01,4156.6
Michigan Statewide,1994-09-01,4221
Michigan Statewide,1994-10-01,4226.5
Michigan Statewide,1994-11-01,4250.4
Michigan Statewide,1994-12-01,4260.4
Michigan Statewide,1995-01-01,4138.4
Michigan Statewide,1995-02-01,4170.5
Michigan Statewide,1995-03-01,4205.6
Michigan Statewide,1995-04-01,4230.3
Michigan Statewide,1995-05-01,4289.4
Michigan Statewide,1995-06-01,4308.1
Michigan Statewide,1995-07-01,4230.1
Michigan Statewide,1995-08-01,4269.5
Michigan Statewide,1995-09-01,4334.7
Michigan Statewide,1995-10-01,4343.5
Michigan Statewide,1995-11-01,4346
Michigan Statewide,1995-12-01,4378.1
Michigan Statewide,1996-01-01,4241.7
Michigan Statewide,1996-02-01,4270.2
Michigan Statewide,1996-03-01,4279.8
Michigan Statewide,1996-04-01,4300.9
Michigan Statewide,1996-05-01,4373.3
Michigan Statewide,1996-06-01,4393.6
Michigan Statewide,1996-07-01,4307.2
Michigan Statewide,1996-08-01,4357.3
Michigan Statewide,1996-09-01,4407.4
Michigan Statewide,1996-10-01,4431
Michigan Statewide,1996-11-01,4445
Michigan Statewide,1996-12-01,4452.2
Michigan Statewide,1997-01-01,4325.4
Michigan Statewide,1997-02-01,4347.6
Michigan Statewide,1997-03-01,4386.6
Michigan Statewide,1997-04-01,4409
Michigan Statewide,1997-05-01,4476.3
Michigan Statewide,1997-06-01,4471.8
Michigan Statewide,1997-07-01,4402.9
Michigan Statewide,1997-08-01,4434.4
Michigan Statewide,1997-09-01,4493.4
Michigan Statewide,1997-10-01,4509.4
Michigan Statewide,1997-11-01,4510.3
Michigan Statewide,1997-12-01,4525
Michigan Statewide,1998-01-01,4423.6
Michigan Statewide,1998-02-01,4445
Michigan Statewide,1998-03-01,4461.7
Michigan Statewide,1998-04-01,4506.3
Michigan Statewide,1998-05-01,4563
Michigan Statewide,1998-06-01,4563.8
Michigan Statewide,1998-07-01,4409.2
Michigan Statewide,1998-08-01,4497.4
Michigan Statewide,1998-09-01,4549.2
Michigan Statewide,1998-10-01,4579.4
Michigan Statewide,1998-11-01,4588.7
Michigan Statewide,1998-12-01,4598
Michigan Statewide,1999-01-01,4450.6
Michigan Statewide,1999-02-01,4485.5
Michigan Statewide,1999-03-01,4514
Michigan Statewide,1999-04-01,4562.8
Michigan Statewide,1999-05-01,4620.4
Michigan Statewide,1999-06-01,4629.4
Michigan Statewide,1999-07-01,4556.1
Michigan Statewide,1999-08-01,4582.3
Michigan Statewide,1999-09-01,4631.1
Michigan Statewide,1999-10-01,4653.6
Michigan Statewide,1999-11-01,4666.8
Michigan Statewide,1999-12-01,4685.9
Michigan Statewide,2000-01-01,4563.6
Michigan Statewide,2000-02-01,4586.7
Michigan Statewide,2000-03-01,4623.8
Michigan Statewide,2000-04-01,4674.6
Michigan Statewide,2000-05-01,4731.4
Michigan Statewide,2000-06-01,4746.9
Michigan Statewide,2000-07-01,4642.8
Michigan Statewide,2000-08-01,4670
Michigan Statewide,2000-09-01,4712.4
Michigan Statewide,2000-10-01,4731.1
Michigan Statewide,2000-11-01,4731.9
Michigan Statewide,2000-12-01,4725.4
Michigan Statewide,2001-01-01,4513.9
Michigan Statewide,2001-02-01,4537.8
Michigan Statewide,2001-03-01,4560.4
Michigan Statewide,2001-04-01,4586.6
Michigan Statewide,2001-05-01,4631.6
Michigan Statewide,2001-06-01,4643.3
Michigan Statewide,2001-07-01,4521.7
Michigan Statewide,2001-08-01,4550.9
Michigan Statewide,2001-09-01,4575.4
Michigan Statewide,2001-10-01,4564.4
Michigan Statewide,2001-11-01,4557.6
Michigan Statewide,2001-12-01,4551.9
Michigan Statewide,2002-01-01,4391.2
Michigan Statewide,2002-02-01,4411.9
Michigan Statewide,2002-03-01,4438.5
Michigan Statewide,2002-04-01,4471.6
Michigan Statewide,2002-05-01,4535
Michigan Statewide,2002-06-01,4549.9
Michigan Statewide,2002-07-01,4448.6
Michigan Statewide,2002-08-01,4487.2
Michigan Statewide,2002-09-01,4529.5
Michigan Statewide,2002-10-01,4539.1
Michigan Statewide,2002-11-01,4541.2
Michigan Statewide,2002-12-01,4529.6
Michigan Statewide,2003-01-01,4354.9
Michigan Statewide,2003-02-01,4358.1
Michigan Statewide,2003-03-01,4371.7
Michigan Statewide,2003-04-01,4397.3
Michigan Statewide,2003-05-01,4470.4
Michigan Statewide,2003-06-01,4477.7
Michigan Statewide,2003-07-01,4341.7
Michigan Statewide,2003-08-01,4394.8
Michigan Statewide,2003-09-01,4446.8
Michigan Statewide,2003-10-01,4469.6
Michigan Statewide,2003-11-01,4467.1
Michigan Statewide,2003-12-01,4463.6
Michigan Statewide,2004-01-01,4304.4
Michigan Statewide,2004-02-01,4315
Michigan Statewide,2004-03-01,4340.8
Michigan Statewide,2004-04-01,4399.5
Michigan Statewide,2004-05-01,4453
Michigan Statewide,2004-06-01,4451.6
Michigan Statewide,2004-07-01,4327.1
Michigan Statewide,2004-08-01,4383.9
Michigan Statewide,2004-09-01,4450.1
Michigan Statewide,2004-10-01,4461.4
Michigan Statewide,2004-11-01,4465.3
Michigan Statewide,2004-12-01,4458.4
Michigan Statewide,2005-01-01,4291.1
Michigan Statewide,2005-02-01,4324.9
Michigan Statewide,2005-03-01,4341
Michigan Statewide,2005-04-01,4399.9
Michigan Statewide,2005-05-01,4450.9
Michigan Statewide,2005-06-01,4442.3
Michigan Statewide,2005-07-01,4327.1
Michigan Statewide,2005-08-01,4368.1
Michigan Statewide,2005-09-01,4446
Michigan Statewide,2005-10-01,4435.3
Michigan Statewide,2005-11-01,4445.2
Michigan Statewide,2005-12-01,4428.8
Michigan Statewide,2006-01-01,4267.5
Michigan Statewide,2006-02-01,4282
Michigan Statewide,2006-03-01,4305.2
Michigan Statewide,2006-04-01,4343.2
Michigan Statewide,2006-05-01,4387.6
Michigan Statewide,2006-06-01,4396.6
Michigan Statewide,2006-07-01,4251.6
Michigan Statewide,2006-08-01,4297.1
Michigan Statewide,2006-09-01,4363.9
Michigan Statewide,2006-10-01,4346.9
Michigan Statewide,2006-11-01,4356.3
Michigan Statewide,2006-12-01,4347.6
Michigan Statewide,2007-01-01,4187.9
Michigan Statewide,2007-02-01,4214.6
Michigan Statewide,2007-03-01,4235.5
Michigan Statewide,2007-04-01,4263.9
Michigan Statewide,2007-05-01,4327.7
Michigan Statewide,2007-06-01,4332.2
Michigan Statewide,2007-07-01,4216.6
Michigan Statewide,2007-08-01,4258.6
Michigan Statewide,2007-09-01,4304.8
Michigan Statewide,2007-10-01,4296.4
Michigan Statewide,2007-11-01,4308.1
Michigan Statewide,2007-12-01,4295.3
Michigan Statewide,2008-01-01,4148.3
Michigan Statewide,2008-02-01,4161.5
Michigan Statewide,2008-03-01,4161.8
Michigan Statewide,2008-04-01,4175.6
Michigan Statewide,2008-05-01,4228.4
Michigan Statewide,2008-06-01,4246.6
Michigan Statewide,2008-07-01,4115.2
Michigan Statewide,2008-08-01,4150.3
Michigan Statewide,2008-09-01,4183
Michigan Statewide,2008-10-01,4171.2
Michigan Statewide,2008-11-01,4141.7
Michigan Statewide,2008-12-01,4094.9
Michigan Statewide,2009-01-01,3866.3
Michigan Statewide,2009-02-01,3884.2
Michigan Statewide,2009-03-01,3874.5
Michigan Statewide,2009-04-01,3899
Michigan Statewide,2009-05-01,3914.2
Michigan Statewide,2009-06-01,3886.2
Michigan Statewide,2009-07-01,3797.2
Michigan Statewide,2009-08-01,3822.1
Michigan Statewide,2009-09-01,3879.5
Michigan Statewide,2009-10-01,3899.7
Michigan Statewide,2009-11-01,3889.8
Michigan Statewide,2009-12-01,3872.6
Michigan Statewide,2010-01-01,3755.4
Michigan Statewide,2010-02-01,3771.9
Michigan Statewide,2010-03-01,3784.5
Michigan Statewide,2010-04-01,3842.5
Michigan Statewide,2010-05-01,3899.7
Michigan Statewide,2010-06-01,3911.8
Michigan Statewide,2010-07-01,3849.8
Michigan Statewide,2010-08-01,3855.2
Michigan Statewide,2010-09-01,3917.4
Michigan Statewide,2010-10-01,3945.4
Michigan Statewide,2010-11-01,3946.1
Michigan Statewide,2010-12-01,3926.4
Michigan Statewide,2011-01-01,3836
Michigan Statewide,2011-02-01,3851.2
Michigan Statewide,2011-03-01,3878.6
Michigan Statewide,2011-04-01,3930.7
Michigan Statewide,2011-05-01,3977.1
Michigan Statewide,2011-06-01,3990.3
Michigan Statewide,2011-07-01,3936.1
Michigan Statewide,2011-08-01,3957.1
Michigan Statewide,2011-09-01,4017.3
Michigan Statewide,2011-10-01,4038.1
Michigan Statewide,2011-11-01,4042.9
Michigan Statewide,2011-12-01,4021.6
Michigan Statewide,2012-01-01,3934.1
Michigan Statewide,2012-02-01,3953
Michigan Statewide,2012-03-01,3981
Michigan Statewide,2012-04-01,4020.2
Michigan Statewide,2012-05-01,4065.9
Michigan Statewide,2012-06-01,4073.5
Michigan Statewide,2012-07-01,4012.7
Michigan Statewide,2012-08-01,4031.9
Michigan Statewide,2012-09-01,4082
Michigan Statewide,2012-10-01,4100.2
Michigan Statewide,2012-11-01,4107.9
Michigan Statewide,2012-12-01,4098.3
Michigan Statewide,2013-01-01,4009.2
Michigan Statewide,2013-02-01,4034.2
Michigan Statewide,2013-03-01,4056.4
Michigan Statewide,2013-04-01,4073.6
Michigan Statewide,2013-05-01,4143.6
Michigan Statewide,2013-06-01,4155
Michigan Statewide,2013-07-01,4077.9
Michigan Statewide,2013-08-01,4111.3
Michigan Statewide,2013-09-01,4162.2
Michigan Statewide,2013-10-01,4186.5
Michigan Statewide,2013-11-01,4190.8
Michigan Statewide,2013-12-01,4174.6
Michigan Statewide,2014-01-01,4070.1
Michigan Statewide,2014-02-01,4103.6
Michigan Statewide,2014-03-01,4119.8
Michigan Statewide,2014-04-01,4141.7
Michigan Statewide,2014-05-01,4217.4
Michigan Statewide,2014-06-01,4247.9
Michigan Statewide,2014-07-01,4168.2
Michigan Statewide,2014-08-01,4185.6
Michigan Statewide,2014-09-01,4220.9
Michigan Statewide,2014-10-01,4250.6
Michigan Statewide,2014-11-01,4258.9
Michigan Statewide,2014-12-01,4256.9
Michigan Statewide,2015-01-01,4146.5
Michigan Statewide,2015-02-01,4162.9
Michigan Statewide,2015-03-01,4178.9
Michigan Statewide,2015-04-01,4211.1
Michigan Statewide,2015-05-01,4280
Michigan Statewide,2015-06-01,4295.5
Michigan Statewide,2015-07-01,4231
Michigan Statewide,2015-08-01,4243.4
Michigan Statewide,2015-09-01,4281.8
Michigan Statewide,2015-10-01,4319.7
Michigan Statewide,2015-11-01,4322.3
Michigan Statewide,2015-12-01,4314.3
Michigan Statewide,2016-01-01,4221
Michigan Statewide,2016-02-01,4239.5
Michigan Statewide,2016-03-01,4256.8
Michigan Statewide,2016-04-01,4307.2
Michigan Statewide,2016-05-01,4348.5
Michigan Statewide,2016-06-01,4371.3
Michigan Statewide,2016-07-01,4316.5
Michigan Statewide,2016-08-01,4323
Michigan Statewide,2016-09-01,4372.2
Michigan Statewide,2016-10-01,4387
Michigan Statewide,2016-11-01,4402.1
Michigan Statewide,2016-12-01,4377.6
Michigan Statewide,2017-01-01,4289.5
Michigan Statewide,2017-02-01,4304.8
Michigan Statewide,2017-03-01,4325
Michigan Statewide,2017-04-01,4354.4
Michigan Statewide,2017-05-01,4409
Michigan Statewide,2017-06-01,4436.1
Michigan Statewide,2017-07-01,4350.5
Michigan Statewide,2017-08-01,4372.7
Michigan Statewide,2017-09-01,4409.6
Michigan Statewide,2017-10-01,4426.9
Michigan Statewide,2017-11-01,4435.9
Michigan Statewide,2017-12-01,4416.8
Michigan Statewide,2018-01-01,4328
Michigan Statewide,2018-02-01,4357.5
Michigan Statewide,2018-03-01,4384
Michigan Statewide,2018-04-01,4396.2
Michigan Statewide,2018-05-01,4451.6
Michigan Statewide,2018-06-01,4487.5
Michigan Statewide,2018-07-01,4406.9
Michigan Statewide,2018-08-01,4427.2
Michigan Statewide,2018-09-01,4447.8
Michigan Statewide,2018-10-01,4482.9
Michigan Statewide,2018-11-01,4486.2
Michigan Statewide,2018-12-01,4462.9
Michigan Statewide,2019-01-01,4364.8
Michigan Statewide,2019-02-01,4383.4
Michigan Statewide,2019-03-01,4403
Michigan Statewide,2019-04-01,4422.1
Michigan Statewide,2019-05-01,4473.3
Michigan Statewide,2019-06-01,4494.3
Michigan Statewide,2019-07-01,4423.7
Michigan Statewide,2019-08-01,4450.1
Michigan Statewide,2019-09-01,4466.7
Michigan Statewide,2019-10-01,4465
Michigan Statewide,2019-11-01,4492.7
Michigan Statewide,2019-12-01,4483.2
Michigan Statewide,2020-01-01,4374.3
Michigan Statewide,2020-02-01,4397.9
Michigan Statewide,2020-03-01,4374.2
Michigan Statewide,2020-04-01,3378.4
Michigan Statewide,2020-05-01,3549.3
Michigan Statewide,2020-06-01,3911.4
Michigan Statewide,2020-07-01,3966.6
Michigan Statewide,2020-08-01,4043.9
Michigan Statewide,2020-09-01,4098.1
Michigan Statewide,2020-10-01,4159.4
Michigan Statewide,2020-11-01,4157.5
Michigan Statewide,2020-12-01,4070.7
Michigan Statewide,2021-01-01,4008.6
Michigan Statewide,2021-02-01,4084
Michigan Statewide,2021-03-01,4111.5
Michigan Statewide,2021-04-01,4125.9
Michigan Statewide,2021-05-01,4178.3
Michigan Statewide,2021-06-01,4225.9
Michigan Statewide,2021-07-01,4202.4
Michigan Statewide,2021-08-01,4223.7
Michigan Statewide,2021-09-01,4244.2
Michigan Statewide,2021-10-01,4315.8
Michigan Statewide,2021-11-01,4336.7
Michigan Statewide,2021-12-01,4326.2
Michigan Statewide,2022-01-01,4229.1
Michigan Statewide,2022-02-01,4272
Michigan Statewide,2022-03-01,4297.1
Michigan Statewide,2022-04-01,4354.4
Michigan Statewide,2022-05-01,4389.9
Michigan Statewide,2022-06-01,4419.6
Michigan Statewide,2022-07-01,4379.7
Michigan Statewide,2022-08-01,4394.4
Michigan Statewide,2022-09-01,4407.8
Michigan Statewide,2022-10-01,4427.2
Michigan Statewide,2022-11-01,4443.6
Michigan Statewide,2022-12-01,4427.7
Michigan Statewide,2023-01-01,4350.7
Michigan Statewide,2023-02-01,4374.7
Michigan Statewide,2023-03-01,4390.6
Michigan Statewide,2023-04-01,4441.6
Michigan Statewide,2023-05-01,4502.1
Michigan Statewide,2023-06-01,4534.1
Michigan Statewide,2023-07-01,4473.1
Michigan Statewide,2023-08-01,4478
Michigan Statewide,2023-09-01,4501.2
Michigan Statewide,2023-10-01,4486.5
Michigan Statewide,2023-11-01,4498.8
Michigan Statewide,2023-12-01,4494.6
Michigan Statewide,2024-01-01,4394.6
Michigan Statewide,2024-02-01,4421.7
Michigan Statewide,2024-03-01,4441.8
Michigan Statewide,2024-04-01,4475.9
Michigan Statewide,2024-05-01,4531.4
Michigan Statewide,2024-06-01,4551.8
Michigan Statewide,2024-07-01,4470.7
Michigan Statewide,2024-08-01,4503
Michigan Statewide,2024-09-01,4517.3
Michigan Statewide,2024-10-01,4511.6
Michigan Statewide,2024-11-01,4521
Michigan Statewide,2024-12-01,4500.3
Michigan Statewide,2025-01-01,4398.3
Michigan Statewide,2025-02-01,4424.1
Michigan Statewide,2025-03-01,4436.4
Michigan Statewide,2025-04-01,4477
Michigan Statewide,2025-05-01,4537
Michigan Statewide,2025-06-01,4549.8
Michigan Statewide,2025-07-01,4480.4
Michigan Statewide,2025-08-01,4494
Michigan Statewide,2025-09-01,4504.4
Michigan Statewide,2025-10-01,4516.5
Michigan Statewide,2025-11-01,4502.1
Michigan Statewide,2025-12-01,4483.2
Michigan Statewide,2026-01-01,4396.4
Michigan Statewide,2026-02-01,4414.9
Michigan Statewide,2026-03-01,4430.1
Michigan Statewide,2026-04-01,4469.2
Michigan Statewide,2026-05-01,4525.5
