county_name,date,employed_count,labor_force,unemployed_count,unemployment_rate
Livingston,1990-01-01,57760,61308,3548,5.8
Livingston,1990-02-01,58606,62186,3580,5.8
Livingston,1990-03-01,58759,62447,3688,5.9
Livingston,1990-04-01,57940,61341,3401,5.5
Livingston,1990-05-01,57835,60997,3162,5.2
Livingston,1990-06-01,57933,61278,3345,5.5
Livingston,1990-07-01,56407,60059,3652,6.1
Livingston,1990-08-01,56291,59918,3627,6.1
Livingston,1990-09-01,58326,61855,3529,5.7
Livingston,1990-10-01,58509,62126,3617,5.8
Livingston,1990-11-01,58939,62193,3254,5.2
Livingston,1990-12-01,58862,62873,4011,6.4
Livingston,1991-01-01,58272,62709,4437,7.1
Livingston,1991-02-01,59108,63934,4826,7.5
Livingston,1991-03-01,59328,64237,4909,7.6
Livingston,1991-04-01,58362,62709,4347,6.9
Livingston,1991-05-01,57796,62346,4550,7.3
Livingston,1991-06-01,57980,62782,4802,7.6
Livingston,1991-07-01,57740,62268,4528,7.3
Livingston,1991-08-01,57357,61838,4481,7.2
Livingston,1991-09-01,59162,63447,4285,6.8
Livingston,1991-10-01,60363,64891,4528,7
Livingston,1991-11-01,60034,64889,4855,7.5
Livingston,1991-12-01,59589,64238,4649,7.2
Livingston,1992-01-01,62132,67394,5262,7.8
Livingston,1992-02-01,62616,68067,5451,8
Livingston,1992-03-01,62819,68201,5382,7.9
Livingston,1992-04-01,62659,67241,4582,6.8
Livingston,1992-05-01,62074,66425,4351,6.6
Livingston,1992-06-01,62562,66955,4393,6.6
Livingston,1992-07-01,62869,66766,3897,5.8
Livingston,1992-08-01,62624,66529,3905,5.9
Livingston,1992-09-01,62443,65932,3489,5.3
Livingston,1992-10-01,63612,66786,3174,4.8
Livingston,1992-11-01,64836,67879,3043,4.5
Livingston,1992-12-01,64749,67954,3205,4.7
Livingston,1993-01-01,63477,67156,3679,5.5
Livingston,1993-02-01,64391,67970,3579,5.3
Livingston,1993-03-01,64039,67311,3272,4.9
Livingston,1993-04-01,64473,67400,2927,4.3
Livingston,1993-05-01,63591,66295,2704,4.1
Livingston,1993-06-01,64251,66981,2730,4.1
Livingston,1993-07-01,64046,66844,2798,4.2
Livingston,1993-08-01,63780,66408,2628,4
Livingston,1993-09-01,64225,66798,2573,3.9
Livingston,1993-10-01,65690,68353,2663,3.9
Livingston,1993-11-01,65503,68306,2803,4.1
Livingston,1993-12-01,65249,68157,2908,4.3
Livingston,1994-01-01,65565,69687,4122,5.9
Livingston,1994-02-01,66244,70307,4063,5.8
Livingston,1994-03-01,65759,69483,3724,5.4
Livingston,1994-04-01,65909,68550,2641,3.9
Livingston,1994-05-01,65261,67494,2233,3.3
Livingston,1994-06-01,65724,68126,2402,3.5
Livingston,1994-07-01,65660,68167,2507,3.7
Livingston,1994-08-01,65707,68119,2412,3.5
Livingston,1994-09-01,66571,68705,2134,3.1
Livingston,1994-10-01,67998,69922,1924,2.8
Livingston,1994-11-01,67834,69525,1691,2.4
Livingston,1994-12-01,67849,69605,1756,2.5
Livingston,1995-01-01,66767,69573,2806,4
Livingston,1995-02-01,67806,70567,2761,3.9
Livingston,1995-03-01,67961,70947,2986,4.2
Livingston,1995-04-01,67681,70135,2454,3.5
Livingston,1995-05-01,66570,68812,2242,3.3
Livingston,1995-06-01,67307,70488,3181,4.5
Livingston,1995-07-01,68579,71214,2635,3.7
Livingston,1995-08-01,67812,70064,2252,3.2
Livingston,1995-09-01,68480,70362,1882,2.7
Livingston,1995-10-01,69427,71076,1649,2.3
Livingston,1995-11-01,68851,71237,2386,3.3
Livingston,1995-12-01,68925,71079,2154,3
Livingston,1996-01-01,68159,71027,2868,4
Livingston,1996-02-01,70362,73590,3228,4.4
Livingston,1996-03-01,71548,74421,2873,3.9
Livingston,1996-04-01,70489,72694,2205,3
Livingston,1996-05-01,69631,71585,1954,2.7
Livingston,1996-06-01,70590,72706,2116,2.9
Livingston,1996-07-01,70977,73620,2643,3.6
Livingston,1996-08-01,70339,72987,2648,3.6
Livingston,1996-09-01,70813,73101,2288,3.1
Livingston,1996-10-01,71577,73859,2282,3.1
Livingston,1996-11-01,71554,73592,2038,2.8
Livingston,1996-12-01,71358,73525,2167,2.9
Livingston,1997-01-01,70453,73995,3542,4.8
Livingston,1997-02-01,71111,74179,3068,4.1
Livingston,1997-03-01,71451,74482,3031,4.1
Livingston,1997-04-01,71420,73675,2255,3.1
Livingston,1997-05-01,71227,72708,1481,2
Livingston,1997-06-01,71686,73384,1698,2.3
Livingston,1997-07-01,72362,74455,2093,2.8
Livingston,1997-08-01,72400,74484,2084,2.8
Livingston,1997-09-01,73392,75220,1828,2.4
Livingston,1997-10-01,73849,75531,1682,2.2
Livingston,1997-11-01,74442,76095,1653,2.2
Livingston,1997-12-01,74136,75916,1780,2.3
Livingston,1998-01-01,73458,76002,2544,3.3
Livingston,1998-02-01,74356,76722,2366,3.1
Livingston,1998-03-01,74906,77366,2460,3.2
Livingston,1998-04-01,74710,76297,1587,2.1
Livingston,1998-05-01,74577,76145,1568,2.1
Livingston,1998-06-01,74741,76363,1622,2.1
Livingston,1998-07-01,73343,76583,3240,4.2
Livingston,1998-08-01,75494,77382,1888,2.4
Livingston,1998-09-01,76239,77983,1744,2.2
Livingston,1998-10-01,77225,78982,1757,2.2
Livingston,1998-11-01,77499,79195,1696,2.1
Livingston,1998-12-01,77427,79504,2077,2.6
Livingston,1999-01-01,77086,80161,3075,3.8
Livingston,1999-02-01,78060,81100,3040,3.7
Livingston,1999-03-01,78726,81411,2685,3.3
Livingston,1999-04-01,78936,80634,1698,2.1
Livingston,1999-05-01,78881,80300,1419,1.8
Livingston,1999-06-01,79031,80595,1564,1.9
Livingston,1999-07-01,79925,81724,1799,2.2
Livingston,1999-08-01,78957,80516,1559,1.9
Livingston,1999-09-01,78776,80386,1610,2
Livingston,1999-10-01,80258,82060,1802,2.2
Livingston,1999-11-01,80294,82019,1725,2.1
Livingston,1999-12-01,80120,81835,1715,2.1
Livingston,2000-01-01,87728,90288,2560,2.8
Livingston,2000-02-01,87640,89855,2215,2.5
Livingston,2000-03-01,87578,90032,2454,2.7
Livingston,2000-04-01,87477,89222,1745,2
Livingston,2000-05-01,87334,89362,2028,2.3
Livingston,2000-06-01,88502,90868,2366,2.6
Livingston,2000-07-01,88240,90657,2417,2.7
Livingston,2000-08-01,88480,90731,2251,2.5
Livingston,2000-09-01,87375,89473,2098,2.3
Livingston,2000-10-01,87185,89247,2062,2.3
Livingston,2000-11-01,86788,88756,1968,2.2
Livingston,2000-12-01,86831,88900,2069,2.3
Livingston,2001-01-01,87267,90181,2914,3.2
Livingston,2001-02-01,87252,90300,3048,3.4
Livingston,2001-03-01,87314,90451,3137,3.5
Livingston,2001-04-01,86083,88557,2474,2.8
Livingston,2001-05-01,86162,88919,2757,3.1
Livingston,2001-06-01,86696,89625,2929,3.3
Livingston,2001-07-01,87037,90023,2986,3.3
Livingston,2001-08-01,86485,89809,3324,3.7
Livingston,2001-09-01,86091,89337,3246,3.6
Livingston,2001-10-01,85937,89420,3483,3.9
Livingston,2001-11-01,85365,88950,3585,4
Livingston,2001-12-01,85440,89280,3840,4.3
Livingston,2002-01-01,85500,90160,4660,5.2
Livingston,2002-02-01,85932,90180,4248,4.7
Livingston,2002-03-01,85703,90181,4478,5
Livingston,2002-04-01,85681,89577,3896,4.3
Livingston,2002-05-01,86208,90137,3929,4.4
Livingston,2002-06-01,86518,90943,4425,4.9
Livingston,2002-07-01,86709,91048,4339,4.8
Livingston,2002-08-01,87475,91060,3585,3.9
Livingston,2002-09-01,87497,90788,3291,3.6
Livingston,2002-10-01,87557,90822,3265,3.6
Livingston,2002-11-01,86842,90464,3622,4
Livingston,2002-12-01,86531,90435,3904,4.3
Livingston,2003-01-01,86694,91766,5072,5.5
Livingston,2003-02-01,87072,92127,5055,5.5
Livingston,2003-03-01,87006,92193,5187,5.6
Livingston,2003-04-01,86589,90894,4305,4.7
Livingston,2003-05-01,86711,91377,4666,5.1
Livingston,2003-06-01,87367,92793,5426,5.8
Livingston,2003-07-01,87268,92205,4937,5.4
Livingston,2003-08-01,87353,91912,4559,5
Livingston,2003-09-01,86883,91176,4293,4.7
Livingston,2003-10-01,87315,91484,4169,4.6
Livingston,2003-11-01,87328,91134,3806,4.2
Livingston,2003-12-01,86954,90841,3887,4.3
Livingston,2004-01-01,87255,91812,4557,5
Livingston,2004-02-01,87616,92223,4607,5
Livingston,2004-03-01,87512,92489,4977,5.4
Livingston,2004-04-01,87171,91110,3939,4.3
Livingston,2004-05-01,87690,91955,4265,4.6
Livingston,2004-06-01,88217,93124,4907,5.3
Livingston,2004-07-01,88802,93414,4612,4.9
Livingston,2004-08-01,89090,93613,4523,4.8
Livingston,2004-09-01,88416,93075,4659,5
Livingston,2004-10-01,89245,93837,4592,4.9
Livingston,2004-11-01,88667,93361,4694,5
Livingston,2004-12-01,88396,93409,5013,5.4
Livingston,2005-01-01,87854,93362,5508,5.9
Livingston,2005-02-01,87915,93784,5869,6.3
Livingston,2005-03-01,88159,93575,5416,5.8
Livingston,2005-04-01,88474,93494,5020,5.4
Livingston,2005-05-01,89417,94230,4813,5.1
Livingston,2005-06-01,90137,95316,5179,5.4
Livingston,2005-07-01,90857,95631,4774,5
Livingston,2005-08-01,91492,95811,4319,4.5
Livingston,2005-09-01,90591,95157,4566,4.8
Livingston,2005-10-01,90449,94570,4121,4.4
Livingston,2005-11-01,89734,94493,4759,5
Livingston,2005-12-01,89376,94171,4795,5.1
Livingston,2006-01-01,88381,93579,5198,5.6
Livingston,2006-02-01,88424,93625,5201,5.6
Livingston,2006-03-01,88914,94195,5281,5.6
Livingston,2006-04-01,88710,93220,4510,4.8
Livingston,2006-05-01,89489,93678,4189,4.5
Livingston,2006-06-01,89958,94795,4837,5.1
Livingston,2006-07-01,90211,95149,4938,5.2
Livingston,2006-08-01,90646,95427,4781,5
Livingston,2006-09-01,90058,95040,4982,5.2
Livingston,2006-10-01,91036,95444,4408,4.6
Livingston,2006-11-01,90143,94725,4582,4.8
Livingston,2006-12-01,89896,94931,5035,5.3
Livingston,2007-01-01,88101,93381,5280,5.7
Livingston,2007-02-01,88103,93488,5385,5.8
Livingston,2007-03-01,88561,93796,5235,5.6
Livingston,2007-04-01,87288,92139,4851,5.3
Livingston,2007-05-01,88089,92851,4762,5.1
Livingston,2007-06-01,88731,94109,5378,5.7
Livingston,2007-07-01,89322,94463,5141,5.4
Livingston,2007-08-01,88501,93357,4856,5.2
Livingston,2007-09-01,88119,93294,5175,5.5
Livingston,2007-10-01,87895,92498,4603,5
Livingston,2007-11-01,87843,92421,4578,5
Livingston,2007-12-01,87097,92292,5195,5.6
Livingston,2008-01-01,85837,91253,5416,5.9
Livingston,2008-02-01,85529,91140,5611,6.2
Livingston,2008-03-01,85605,91281,5676,6.2
Livingston,2008-04-01,85075,89602,4527,5.1
Livingston,2008-05-01,85463,91252,5789,6.3
Livingston,2008-06-01,85930,92295,6365,6.9
Livingston,2008-07-01,86343,92519,6176,6.7
Livingston,2008-08-01,86287,92376,6089,6.6
Livingston,2008-09-01,85323,91463,6140,6.7
Livingston,2008-10-01,84824,91264,6440,7.1
Livingston,2008-11-01,83231,90028,6797,7.5
Livingston,2008-12-01,82042,89516,7474,8.3
Livingston,2009-01-01,79998,88362,8364,9.5
Livingston,2009-02-01,79485,88450,8965,10.1
Livingston,2009-03-01,79336,89104,9768,11
Livingston,2009-04-01,79128,88610,9482,10.7
Livingston,2009-05-01,78867,89118,10251,11.5
Livingston,2009-06-01,78933,90508,11575,12.8
Livingston,2009-07-01,79624,90934,11310,12.4
Livingston,2009-08-01,79755,90686,10931,12.1
Livingston,2009-09-01,78778,89694,10916,12.2
Livingston,2009-10-01,78771,89608,10837,12.1
Livingston,2009-11-01,78874,89036,10162,11.4
Livingston,2009-12-01,78483,89445,10962,12.3
Livingston,2010-01-01,81231,93325,12094,13
Livingston,2010-02-01,81210,93266,12056,12.9
Livingston,2010-03-01,82181,94274,12093,12.8
Livingston,2010-04-01,82506,93502,10996,11.8
Livingston,2010-05-01,83101,93819,10718,11.4
Livingston,2010-06-01,83246,94302,11056,11.7
Livingston,2010-07-01,83724,95161,11437,12
Livingston,2010-08-01,84470,94884,10414,11
Livingston,2010-09-01,84137,93996,9859,10.5
Livingston,2010-10-01,83629,92998,9369,10.1
Livingston,2010-11-01,82999,91723,8724,9.5
Livingston,2010-12-01,82742,91073,8331,9.1
Livingston,2011-01-01,81964,90919,8955,9.8
Livingston,2011-02-01,81659,90508,8849,9.8
Livingston,2011-03-01,82814,91301,8487,9.3
Livingston,2011-04-01,82662,90361,7699,8.5
Livingston,2011-05-01,83697,91697,8000,8.7
Livingston,2011-06-01,83880,92624,8744,9.4
Livingston,2011-07-01,84477,93454,8977,9.6
Livingston,2011-08-01,85552,93806,8254,8.8
Livingston,2011-09-01,85622,93507,7885,8.4
Livingston,2011-10-01,85884,93265,7381,7.9
Livingston,2011-11-01,85788,92520,6732,7.3
Livingston,2011-12-01,85851,92986,7135,7.7
Livingston,2012-01-01,84546,92474,7928,8.6
Livingston,2012-02-01,84480,92220,7740,8.4
Livingston,2012-03-01,85282,92765,7483,8.1
Livingston,2012-04-01,84658,91321,6663,7.3
Livingston,2012-05-01,85565,92839,7274,7.8
Livingston,2012-06-01,86332,94135,7803,8.3
Livingston,2012-07-01,86834,95139,8305,8.7
Livingston,2012-08-01,87173,94731,7558,8
Livingston,2012-09-01,87500,94327,6827,7.2
Livingston,2012-10-01,87888,94811,6923,7.3
Livingston,2012-11-01,87334,93800,6466,6.9
Livingston,2012-12-01,87237,94383,7146,7.6
Livingston,2013-01-01,86243,94098,7855,8.3
Livingston,2013-02-01,86217,93648,7431,7.9
Livingston,2013-03-01,87149,94357,7208,7.6
Livingston,2013-04-01,87319,93876,6557,7
Livingston,2013-05-01,88488,95474,6986,7.3
Livingston,2013-06-01,88913,96709,7796,8.1
Livingston,2013-07-01,89920,97426,7506,7.7
Livingston,2013-08-01,90141,97247,7106,7.3
Livingston,2013-09-01,90178,96926,6748,7
Livingston,2013-10-01,89342,96169,6827,7.1
Livingston,2013-11-01,89217,95453,6236,6.5
Livingston,2013-12-01,89479,95711,6232,6.5
Livingston,2014-01-01,88670,95436,6766,7.1
Livingston,2014-02-01,88217,95288,7071,7.4
Livingston,2014-03-01,88948,95799,6851,7.2
Livingston,2014-04-01,88418,94272,5854,6.2
Livingston,2014-05-01,89053,95379,6326,6.6
Livingston,2014-06-01,89827,96507,6680,6.9
Livingston,2014-07-01,90751,97510,6759,6.9
Livingston,2014-08-01,90822,96527,5705,5.9
Livingston,2014-09-01,90792,96420,5628,5.8
Livingston,2014-10-01,91123,96626,5503,5.7
Livingston,2014-11-01,90553,95472,4919,5.2
Livingston,2014-12-01,90713,95378,4665,4.9
Livingston,2015-01-01,90239,95688,5449,5.7
Livingston,2015-02-01,89737,94643,4906,5.2
Livingston,2015-03-01,90583,95323,4740,5
Livingston,2015-04-01,90785,94938,4153,4.4
Livingston,2015-05-01,91850,96825,4975,5.1
Livingston,2015-06-01,92615,97451,4836,5
Livingston,2015-07-01,93342,98215,4873,5
Livingston,2015-08-01,93595,97915,4320,4.4
Livingston,2015-09-01,93613,97667,4054,4.2
Livingston,2015-10-01,94000,98162,4162,4.2
Livingston,2015-11-01,94252,97877,3625,3.7
Livingston,2015-12-01,94186,97831,3645,3.7
Livingston,2016-01-01,89987,94273,4286,4.5
Livingston,2016-02-01,90197,94450,4253,4.5
Livingston,2016-03-01,91493,95876,4383,4.6
Livingston,2016-04-01,91187,94796,3609,3.8
Livingston,2016-05-01,92095,95903,3808,4
Livingston,2016-06-01,92447,96842,4395,4.5
Livingston,2016-07-01,93607,98138,4531,4.6
Livingston,2016-08-01,93714,98044,4330,4.4
Livingston,2016-09-01,93809,98017,4208,4.3
Livingston,2016-10-01,93590,97712,4122,4.2
Livingston,2016-11-01,93466,97351,3885,4
Livingston,2016-12-01,93713,97261,3548,3.6
Livingston,2017-01-01,93141,97825,4684,4.8
Livingston,2017-02-01,93409,97734,4325,4.4
Livingston,2017-03-01,94620,98196,3576,3.6
Livingston,2017-04-01,94741,97411,2670,2.7
Livingston,2017-05-01,95227,97930,2703,2.8
Livingston,2017-06-01,95759,98810,3051,3.1
Livingston,2017-07-01,96645,100197,3552,3.5
Livingston,2017-08-01,96676,100272,3596,3.6
Livingston,2017-09-01,96666,100409,3743,3.7
Livingston,2017-10-01,96262,99518,3256,3.3
Livingston,2017-11-01,96048,99302,3254,3.3
Livingston,2017-12-01,95655,99114,3459,3.5
Livingston,2018-01-01,94921,99110,4189,4.2
Livingston,2018-02-01,95363,99495,4132,4.2
Livingston,2018-03-01,96351,100134,3783,3.8
Livingston,2018-04-01,96187,99247,3060,3.1
Livingston,2018-05-01,96895,99846,2951,3
Livingston,2018-06-01,97205,100629,3424,3.4
Livingston,2018-07-01,97857,101450,3593,3.5
Livingston,2018-08-01,97765,100836,3071,3
Livingston,2018-09-01,98074,101345,3271,3.2
Livingston,2018-10-01,98160,101606,3446,3.4
Livingston,2018-11-01,97874,100923,3049,3
Livingston,2018-12-01,97977,101426,3449,3.4
Livingston,2019-01-01,97184,100929,3745,3.7
Livingston,2019-02-01,97319,101276,3957,3.9
Livingston,2019-03-01,97887,102050,4163,4.1
Livingston,2019-04-01,97434,100598,3164,3.1
Livingston,2019-05-01,97654,100881,3227,3.2
Livingston,2019-06-01,98374,101898,3524,3.5
Livingston,2019-07-01,99628,103436,3808,3.7
Livingston,2019-08-01,99591,103125,3534,3.4
Livingston,2019-09-01,99657,102996,3339,3.2
Livingston,2019-10-01,99621,102541,2920,2.8
Livingston,2019-11-01,98815,101656,2841,2.8
Livingston,2019-12-01,98637,101638,3001,3
Livingston,2020-01-01,97385,100618,3233,3.2
Livingston,2020-02-01,97194,100270,3076,3.1
Livingston,2020-03-01,96146,99927,3781,3.8
Livingston,2020-04-01,68482,87106,18624,21.4
Livingston,2020-05-01,77280,97170,19890,20.5
Livingston,2020-06-01,82634,96524,13890,14.4
Livingston,2020-07-01,86257,97438,11181,11.5
Livingston,2020-08-01,89499,97310,7811,8
Livingston,2020-09-01,90080,97083,7003,7.2
Livingston,2020-10-01,92025,97528,5503,5.6
Livingston,2020-11-01,91592,96813,5221,5.4
Livingston,2020-12-01,89453,94968,5515,5.8
Livingston,2021-01-01,91509,96747,5238,5.4
Livingston,2021-02-01,91515,96394,4879,5.1
Livingston,2021-03-01,92873,97863,4990,5.1
Livingston,2021-04-01,92709,96693,3984,4.1
Livingston,2021-05-01,92929,97052,4123,4.2
Livingston,2021-06-01,93676,98439,4763,4.8
Livingston,2021-07-01,95055,99628,4573,4.6
Livingston,2021-08-01,95729,99866,4137,4.1
Livingston,2021-09-01,95896,99820,3924,3.9
Livingston,2021-10-01,96336,99704,3368,3.4
Livingston,2021-11-01,96747,99750,3003,3
Livingston,2021-12-01,96636,99743,3107,3.1
Livingston,2022-01-01,95768,99778,4010,4
Livingston,2022-02-01,95928,99661,3733,3.7
Livingston,2022-03-01,96993,100349,3356,3.3
Livingston,2022-04-01,96264,98857,2593,2.6
Livingston,2022-05-01,96276,99426,3150,3.2
Livingston,2022-06-01,97121,100264,3143,3.1
Livingston,2022-07-01,98077,100860,2783,2.8
Livingston,2022-08-01,98216,100983,2767,2.7
Livingston,2022-09-01,97821,100440,2619,2.6
Livingston,2022-10-01,98081,100771,2690,2.7
Livingston,2022-11-01,97739,100283,2544,2.5
Livingston,2022-12-01,98385,101020,2635,2.6
Livingston,2023-01-01,97080,100427,3347,3.3
Livingston,2023-02-01,97192,100227,3035,3
Livingston,2023-03-01,98963,101628,2665,2.6
Livingston,2023-04-01,98762,100605,1843,1.8
Livingston,2023-05-01,98865,101624,2759,2.7
Livingston,2023-06-01,99733,102803,3070,3
Livingston,2023-07-01,100870,104031,3161,3
Livingston,2023-08-01,101146,104230,3084,3
Livingston,2023-09-01,100986,104213,3227,3.1
Livingston,2023-10-01,100220,103354,3134,3
Livingston,2023-11-01,100470,103154,2684,2.6
Livingston,2023-12-01,100126,102735,2609,2.5
Livingston,2024-01-01,98255,101363,3108,3.1
Livingston,2024-02-01,97602,100863,3261,3.2
Livingston,2024-03-01,98768,101838,3070,3
Livingston,2024-04-01,98272,100866,2594,2.6
Livingston,2024-05-01,97877,101059,3182,3.1
Livingston,2024-06-01,98038,101839,3801,3.7
Livingston,2024-07-01,98558,102509,3951,3.9
Livingston,2024-08-01,99013,102326,3313,3.2
Livingston,2024-09-01,98837,102392,3555,3.5
Livingston,2024-10-01,98032,101477,3445,3.4
Livingston,2024-11-01,97481,100945,3464,3.4
Livingston,2024-12-01,97498,101023,3525,3.5
Livingston,2025-01-01,96733,100559,3826,3.8
Livingston,2025-02-01,96228,100206,3978,4
Livingston,2025-03-01,97229,101052,3823,3.8
Livingston,2025-04-01,97213,100129,2916,2.9
Livingston,2025-05-01,96697,100211,3514,3.5
Livingston,2025-06-01,97576,101348,3772,3.7
Livingston,2025-07-01,97769,101930,4161,4.1
Livingston,2025-08-01,97481,100887,3406,3.4
Livingston,2025-09-01,97103,100669,3566,3.5
Livingston,2025-11-01,97901,101814,3913,3.8
Livingston,2025-12-01,97928,101547,3619,3.6
Livingston,2026-01-01,96706,100911,4205,4.2
Livingston,2026-02-01,96067,100450,4383,4.4
Livingston,2026-03-01,97288,101283,3995,3.9
Livingston,2026-04-01,98018,101316,3298,3.3
Oakland,1990-01-01,562327,604879,42552,7
Oakland,1990-02-01,561116,597728,36612,6.1
Oakland,1990-03-01,560263,597736,37473,6.3
Oakland,1990-04-01,559894,594308,34414,5.8
Oakland,1990-05-01,567248,602720,35472,5.9
Oakland,1990-06-01,573136,609851,36715,6
Oakland,1990-07-01,575525,609667,34142,5.6
Oakland,1990-08-01,575997,612847,36850,6
Oakland,1990-09-01,567788,606638,38850,6.4
Oakland,1990-10-01,567390,602538,35148,5.8
Oakland,1990-11-01,562931,598025,35094,5.9
Oakland,1990-12-01,563278,596900,33622,5.6
Oakland,1991-01-01,550661,592246,41585,7
Oakland,1991-02-01,549510,593066,43556,7.3
Oakland,1991-03-01,551327,601644,50317,8.4
Oakland,1991-04-01,549092,588886,39794,6.8
Oakland,1991-05-01,549640,595411,45771,7.7
Oakland,1991-06-01,559359,607210,47851,7.9
Oakland,1991-07-01,563454,608968,45514,7.5
Oakland,1991-08-01,563883,611010,47127,7.7
Oakland,1991-09-01,560788,608539,47751,7.8
Oakland,1991-10-01,560439,604595,44156,7.3
Oakland,1991-11-01,558134,602797,44663,7.4
Oakland,1991-12-01,560118,605183,45065,7.4
Oakland,1992-01-01,554816,609468,54652,9
Oakland,1992-02-01,554832,605625,50793,8.4
Oakland,1992-03-01,560963,612561,51598,8.4
Oakland,1992-04-01,562322,608161,45839,7.5
Oakland,1992-05-01,566658,613781,47123,7.7
Oakland,1992-06-01,573918,631662,57744,9.1
Oakland,1992-07-01,580089,630163,50074,7.9
Oakland,1992-08-01,586153,632511,46358,7.3
Oakland,1992-09-01,578650,622306,43656,7
Oakland,1992-10-01,578106,617165,39059,6.3
Oakland,1992-11-01,577586,612831,35245,5.8
Oakland,1992-12-01,579553,614772,35219,5.7
Oakland,1993-01-01,566680,604744,38064,6.3
Oakland,1993-02-01,571212,608531,37319,6.1
Oakland,1993-03-01,575135,613142,38007,6.2
Oakland,1993-04-01,573760,608033,34273,5.6
Oakland,1993-05-01,581948,616225,34277,5.6
Oakland,1993-06-01,589344,627660,38316,6.1
Oakland,1993-07-01,593540,631099,37559,6
Oakland,1993-08-01,596821,635559,38738,6.1
Oakland,1993-09-01,590196,628533,38337,6.1
Oakland,1993-10-01,592750,632264,39514,6.2
Oakland,1993-11-01,590812,627233,36421,5.8
Oakland,1993-12-01,591583,627665,36082,5.7
Oakland,1994-01-01,584450,625202,40752,6.5
Oakland,1994-02-01,585102,622342,37240,6
Oakland,1994-03-01,584267,618575,34308,5.5
Oakland,1994-04-01,584115,611007,26892,4.4
Oakland,1994-05-01,590070,614988,24918,4.1
Oakland,1994-06-01,594748,620824,26076,4.2
Oakland,1994-07-01,597621,622922,25301,4.1
Oakland,1994-08-01,604036,631373,27337,4.3
Oakland,1994-09-01,602044,626612,24568,3.9
Oakland,1994-10-01,605854,628860,23006,3.7
Oakland,1994-11-01,605137,624283,19146,3.1
Oakland,1994-12-01,606003,623767,17764,2.8
Oakland,1995-01-01,593933,619606,25673,4.1
Oakland,1995-02-01,594954,620112,25158,4.1
Oakland,1995-03-01,594678,621578,26900,4.3
Oakland,1995-04-01,594854,618580,23726,3.8
Oakland,1995-05-01,600350,623534,23184,3.7
Oakland,1995-06-01,605983,632846,26863,4.2
Oakland,1995-07-01,612861,635741,22880,3.6
Oakland,1995-08-01,615391,637310,21919,3.4
Oakland,1995-09-01,608644,629029,20385,3.2
Oakland,1995-10-01,614843,633840,18997,3
Oakland,1995-11-01,613634,632725,19091,3
Oakland,1995-12-01,614094,633507,19413,3.1
Oakland,1996-01-01,604922,629320,24398,3.9
Oakland,1996-02-01,611753,635455,23702,3.7
Oakland,1996-03-01,615944,642590,26646,4.1
Oakland,1996-04-01,613223,632815,19592,3.1
Oakland,1996-05-01,615684,637098,21414,3.4
Oakland,1996-06-01,620552,643993,23441,3.6
Oakland,1996-07-01,625395,649919,24524,3.8
Oakland,1996-08-01,627268,650050,22782,3.5
Oakland,1996-09-01,619705,642527,22822,3.6
Oakland,1996-10-01,624215,646188,21973,3.4
Oakland,1996-11-01,623016,643457,20441,3.2
Oakland,1996-12-01,622266,641633,19367,3
Oakland,1997-01-01,610745,637386,26641,4.2
Oakland,1997-02-01,613878,637728,23850,3.7
Oakland,1997-03-01,618598,642437,23839,3.7
Oakland,1997-04-01,616613,634506,17893,2.8
Oakland,1997-05-01,623865,640888,17023,2.7
Oakland,1997-06-01,628724,648220,19496,3
Oakland,1997-07-01,635817,654932,19115,2.9
Oakland,1997-08-01,638123,657103,18980,2.9
Oakland,1997-09-01,632306,651460,19154,2.9
Oakland,1997-10-01,633729,652489,18760,2.9
Oakland,1997-11-01,636320,653336,17016,2.6
Oakland,1997-12-01,634519,650352,15833,2.4
Oakland,1998-01-01,624341,646140,21799,3.4
Oakland,1998-02-01,628798,649024,20226,3.1
Oakland,1998-03-01,632799,653457,20658,3.2
Oakland,1998-04-01,631999,646634,14635,2.3
Oakland,1998-05-01,636498,652921,16423,2.5
Oakland,1998-06-01,641682,662014,20332,3.1
Oakland,1998-07-01,623788,651081,27293,4.2
Oakland,1998-08-01,645213,664063,18850,2.8
Oakland,1998-09-01,642783,661276,18493,2.8
Oakland,1998-10-01,646160,664672,18512,2.8
Oakland,1998-11-01,646897,665087,18190,2.7
Oakland,1998-12-01,647743,666881,19138,2.9
Oakland,1999-01-01,638776,662197,23421,3.5
Oakland,1999-02-01,638734,662774,24040,3.6
Oakland,1999-03-01,645590,668175,22585,3.4
Oakland,1999-04-01,646468,664892,18424,2.8
Oakland,1999-05-01,655234,671634,16400,2.4
Oakland,1999-06-01,659870,679727,19857,2.9
Oakland,1999-07-01,661055,679149,18094,2.7
Oakland,1999-08-01,664904,681794,16890,2.5
Oakland,1999-09-01,658986,677022,18036,2.7
Oakland,1999-10-01,665755,684058,18303,2.7
Oakland,1999-11-01,667343,684171,16828,2.5
Oakland,1999-12-01,669087,684095,15008,2.2
Oakland,2000-01-01,659575,678643,19068,2.8
Oakland,2000-02-01,658908,675356,16448,2.4
Oakland,2000-03-01,658447,677528,19081,2.8
Oakland,2000-04-01,657680,671775,14095,2.1
Oakland,2000-05-01,656608,673811,17203,2.6
Oakland,2000-06-01,665397,685663,20266,3
Oakland,2000-07-01,663422,684333,20911,3.1
Oakland,2000-08-01,665229,685184,19955,2.9
Oakland,2000-09-01,656911,674988,18077,2.7
Oakland,2000-10-01,655493,673027,17534,2.6
Oakland,2000-11-01,652510,669157,16647,2.5
Oakland,2000-12-01,652823,668890,16067,2.4
Oakland,2001-01-01,637578,662007,24429,3.7
Oakland,2001-02-01,637472,661162,23690,3.6
Oakland,2001-03-01,637928,662813,24885,3.8
Oakland,2001-04-01,628925,650864,21939,3.4
Oakland,2001-05-01,629514,653701,24187,3.7
Oakland,2001-06-01,633404,660052,26648,4
Oakland,2001-07-01,635896,662018,26122,3.9
Oakland,2001-08-01,631865,663109,31244,4.7
Oakland,2001-09-01,628991,657692,28701,4.4
Oakland,2001-10-01,627869,657737,29868,4.5
Oakland,2001-11-01,623682,655778,32096,4.9
Oakland,2001-12-01,624229,655361,31132,4.8
Oakland,2002-01-01,606133,643614,37481,5.8
Oakland,2002-02-01,609196,640942,31746,5
Oakland,2002-03-01,607579,642925,35346,5.5
Oakland,2002-04-01,607413,637754,30341,4.8
Oakland,2002-05-01,611151,644178,33027,5.1
Oakland,2002-06-01,613348,650410,37062,5.7
Oakland,2002-07-01,614702,650475,35773,5.5
Oakland,2002-08-01,620134,653002,32868,5
Oakland,2002-09-01,620294,649935,29641,4.6
Oakland,2002-10-01,620725,650822,30097,4.6
Oakland,2002-11-01,615650,646620,30970,4.8
Oakland,2002-12-01,613440,644585,31145,4.8
Oakland,2003-01-01,602830,639820,36990,5.8
Oakland,2003-02-01,605450,641564,36114,5.6
Oakland,2003-03-01,605000,641366,36366,5.7
Oakland,2003-04-01,602108,633155,31047,4.9
Oakland,2003-05-01,602948,638934,35986,5.6
Oakland,2003-06-01,607509,650640,43131,6.6
Oakland,2003-07-01,606827,647087,40260,6.2
Oakland,2003-08-01,607403,644873,37470,5.8
Oakland,2003-09-01,604151,639869,35718,5.6
Oakland,2003-10-01,607147,641432,34285,5.3
Oakland,2003-11-01,607234,638461,31227,4.9
Oakland,2003-12-01,604640,634361,29721,4.7
Oakland,2004-01-01,594162,629004,34842,5.5
Oakland,2004-02-01,596623,629999,33376,5.3
Oakland,2004-03-01,595916,632476,36560,5.8
Oakland,2004-04-01,593590,622867,29277,4.7
Oakland,2004-05-01,597132,631709,34577,5.5
Oakland,2004-06-01,600720,638248,37528,5.9
Oakland,2004-07-01,604706,643334,38628,6
Oakland,2004-08-01,606674,643820,37146,5.8
Oakland,2004-09-01,602066,639275,37209,5.8
Oakland,2004-10-01,607725,644926,37201,5.8
Oakland,2004-11-01,603778,640245,36467,5.7
Oakland,2004-12-01,601935,638945,37010,5.8
Oakland,2005-01-01,585302,623788,38486,6.2
Oakland,2005-02-01,585712,625533,39821,6.4
Oakland,2005-03-01,587329,624690,37361,6
Oakland,2005-04-01,589427,623250,33823,5.4
Oakland,2005-05-01,595715,630932,35217,5.6
Oakland,2005-06-01,600505,637600,37095,5.8
Oakland,2005-07-01,605302,641554,36252,5.7
Oakland,2005-08-01,609545,642112,32567,5.1
Oakland,2005-09-01,603535,635489,31954,5
Oakland,2005-10-01,602577,633056,30479,4.8
Oakland,2005-11-01,597835,630743,32908,5.2
Oakland,2005-12-01,595443,627924,32481,5.2
Oakland,2006-01-01,579204,614456,35252,5.7
Oakland,2006-02-01,579485,615382,35897,5.8
Oakland,2006-03-01,582687,619777,37090,6
Oakland,2006-04-01,581362,613780,32418,5.3
Oakland,2006-05-01,586465,617205,30740,5
Oakland,2006-06-01,589547,625846,36299,5.8
Oakland,2006-07-01,591205,628949,37744,6
Oakland,2006-08-01,594046,630134,36088,5.7
Oakland,2006-09-01,590200,625903,35703,5.7
Oakland,2006-10-01,596612,628704,32092,5.1
Oakland,2006-11-01,590746,623973,33227,5.3
Oakland,2006-12-01,589137,623201,34064,5.5
Oakland,2007-01-01,577610,614778,37168,6
Oakland,2007-02-01,577622,612504,34882,5.7
Oakland,2007-03-01,580631,616211,35580,5.8
Oakland,2007-04-01,572284,605237,32953,5.4
Oakland,2007-05-01,577529,611838,34309,5.6
Oakland,2007-06-01,581749,620994,39245,6.3
Oakland,2007-07-01,585617,625597,39980,6.4
Oakland,2007-08-01,580239,617489,37250,6
Oakland,2007-09-01,577732,616641,38909,6.3
Oakland,2007-10-01,576261,611456,35195,5.8
Oakland,2007-11-01,575918,610069,34151,5.6
Oakland,2007-12-01,571026,607238,36212,6
Oakland,2008-01-01,562845,600632,37787,6.3
Oakland,2008-02-01,560821,596815,35994,6
Oakland,2008-03-01,561329,598511,37182,6.2
Oakland,2008-04-01,557848,589452,31604,5.4
Oakland,2008-05-01,560399,600458,40059,6.7
Oakland,2008-06-01,563449,607380,43931,7.2
Oakland,2008-07-01,566158,610306,44148,7.2
Oakland,2008-08-01,565801,609728,43927,7.2
Oakland,2008-09-01,559472,603093,43621,7.2
Oakland,2008-10-01,556193,601535,45342,7.5
Oakland,2008-11-01,545756,591657,45901,7.8
Oakland,2008-12-01,537964,587962,49998,8.5
Oakland,2009-01-01,524448,581128,56680,9.8
Oakland,2009-02-01,521086,581377,60291,10.4
Oakland,2009-03-01,520105,585553,65448,11.2
Oakland,2009-04-01,518748,584199,65451,11.2
Oakland,2009-05-01,517034,589978,72944,12.4
Oakland,2009-06-01,517465,599986,82521,13.8
Oakland,2009-07-01,521997,609135,87138,14.3
Oakland,2009-08-01,522854,605473,82619,13.6
Oakland,2009-09-01,516436,599523,83087,13.9
Oakland,2009-10-01,516399,598054,81655,13.7
Oakland,2009-11-01,517073,594216,77143,13
Oakland,2009-12-01,514523,591588,77065,13
Oakland,2010-01-01,534311,615767,81456,13.2
Oakland,2010-02-01,534668,615048,80380,13.1
Oakland,2010-03-01,539427,620389,80962,13.1
Oakland,2010-04-01,540823,616676,75853,12.3
Oakland,2010-05-01,544570,619314,74744,12.1
Oakland,2010-06-01,544605,622051,77446,12.5
Oakland,2010-07-01,548865,630056,81191,12.9
Oakland,2010-08-01,554137,629418,75281,12
Oakland,2010-09-01,551642,622681,71039,11.4
Oakland,2010-10-01,548585,615956,67371,10.9
Oakland,2010-11-01,545780,607956,62176,10.2
Oakland,2010-12-01,544323,601775,57452,9.5
Oakland,2011-01-01,537999,598780,60781,10.2
Oakland,2011-02-01,536418,596061,59643,10
Oakland,2011-03-01,542937,599994,57057,9.5
Oakland,2011-04-01,541874,595246,53372,9
Oakland,2011-05-01,548160,604576,56416,9.3
Oakland,2011-06-01,548672,609929,61257,10
Oakland,2011-07-01,552908,616305,63397,10.3
Oakland,2011-08-01,560684,620728,60044,9.7
Oakland,2011-09-01,561726,618330,56604,9.2
Oakland,2011-10-01,563441,616534,53093,8.6
Oakland,2011-11-01,563228,610678,47450,7.8
Oakland,2011-12-01,563466,612180,48714,8
Oakland,2012-01-01,556916,608913,51997,8.5
Oakland,2012-02-01,557393,608340,50947,8.4
Oakland,2012-03-01,561443,611843,50400,8.2
Oakland,2012-04-01,557876,603703,45827,7.6
Oakland,2012-05-01,563176,613385,50209,8.2
Oakland,2012-06-01,567778,621994,54216,8.7
Oakland,2012-07-01,571437,630465,59028,9.4
Oakland,2012-08-01,574465,628211,53746,8.6
Oakland,2012-09-01,576958,625814,48856,7.8
Oakland,2012-10-01,579713,628730,49017,7.8
Oakland,2012-11-01,576423,621660,45237,7.3
Oakland,2012-12-01,575864,624121,48257,7.7
Oakland,2013-01-01,569600,621153,51553,8.3
Oakland,2013-02-01,570265,619227,48962,7.9
Oakland,2013-03-01,575854,624016,48162,7.7
Oakland,2013-04-01,577295,621626,44331,7.1
Oakland,2013-05-01,584274,633019,48745,7.7
Oakland,2013-06-01,586117,640310,54193,8.5
Oakland,2013-07-01,592372,647237,54865,8.5
Oakland,2013-08-01,594561,646032,51471,8
Oakland,2013-09-01,595238,644520,49282,7.6
Oakland,2013-10-01,590191,638947,48756,7.6
Oakland,2013-11-01,589981,634598,44617,7
Oakland,2013-12-01,591482,633849,42367,6.7
Oakland,2014-01-01,584677,628572,43895,7
Oakland,2014-02-01,582186,627947,45761,7.3
Oakland,2014-03-01,586320,631104,44784,7.1
Oakland,2014-04-01,583413,621614,38201,6.1
Oakland,2014-05-01,587332,629482,42150,6.7
Oakland,2014-06-01,591547,636998,45451,7.1
Oakland,2014-07-01,597353,644835,47482,7.4
Oakland,2014-08-01,598207,639216,41009,6.4
Oakland,2014-09-01,597736,637439,39703,6.2
Oakland,2014-10-01,601138,638660,37522,5.9
Oakland,2014-11-01,598031,631533,33502,5.3
Oakland,2014-12-01,598756,629783,31027,4.9
Oakland,2015-01-01,591713,626602,34889,5.6
Oakland,2015-02-01,588583,619691,31108,5
Oakland,2015-03-01,593460,624589,31129,5
Oakland,2015-04-01,595727,623366,27639,4.4
Oakland,2015-05-01,601598,634952,33354,5.3
Oakland,2015-06-01,606433,638992,32559,5.1
Oakland,2015-07-01,611132,645703,34571,5.4
Oakland,2015-08-01,613087,643373,30286,4.7
Oakland,2015-09-01,613309,641495,28186,4.4
Oakland,2015-10-01,616425,644347,27922,4.3
Oakland,2015-11-01,618547,643282,24735,3.8
Oakland,2015-12-01,618122,642130,24008,3.7
Oakland,2016-01-01,616446,644100,27654,4.3
Oakland,2016-02-01,617622,644299,26677,4.1
Oakland,2016-03-01,626228,654076,27848,4.3
Oakland,2016-04-01,624226,648685,24459,3.8
Oakland,2016-05-01,630292,655781,25489,3.9
Oakland,2016-06-01,632424,662355,29931,4.5
Oakland,2016-07-01,639695,671016,31321,4.7
Oakland,2016-08-01,640810,670379,29569,4.4
Oakland,2016-09-01,641622,669943,28321,4.2
Oakland,2016-10-01,640817,668677,27860,4.2
Oakland,2016-11-01,640383,667035,26652,4
Oakland,2016-12-01,641727,665467,23740,3.6
Oakland,2017-01-01,636012,665391,29379,4.4
Oakland,2017-02-01,637700,663830,26130,3.9
Oakland,2017-03-01,645716,668991,23275,3.5
Oakland,2017-04-01,646350,664738,18388,2.8
Oakland,2017-05-01,649377,668600,19223,2.9
Oakland,2017-06-01,652918,674336,21418,3.2
Oakland,2017-07-01,658078,683600,25522,3.7
Oakland,2017-08-01,658263,684283,26020,3.8
Oakland,2017-09-01,658432,684269,25837,3.8
Oakland,2017-10-01,656269,679834,23565,3.5
Oakland,2017-11-01,655584,678497,22913,3.4
Oakland,2017-12-01,653153,676685,23532,3.5
Oakland,2018-01-01,644915,670545,25630,3.8
Oakland,2018-02-01,647783,672927,25144,3.7
Oakland,2018-03-01,654235,678013,23778,3.5
Oakland,2018-04-01,653008,673419,20411,3
Oakland,2018-05-01,657532,677589,20057,3
Oakland,2018-06-01,659519,683436,23917,3.5
Oakland,2018-07-01,663369,689236,25867,3.8
Oakland,2018-08-01,662701,684795,22094,3.2
Oakland,2018-09-01,665053,687589,22536,3.3
Oakland,2018-10-01,665938,689376,23438,3.4
Oakland,2018-11-01,664667,685833,21166,3.1
Oakland,2018-12-01,665548,687965,22417,3.3
Oakland,2019-01-01,657535,682167,24632,3.6
Oakland,2019-02-01,658412,682432,24020,3.5
Oakland,2019-03-01,662003,688120,26117,3.8
Oakland,2019-04-01,658739,679639,20900,3.1
Oakland,2019-05-01,659942,682550,22608,3.3
Oakland,2019-06-01,664829,689958,25129,3.6
Oakland,2019-07-01,672757,700572,27815,4
Oakland,2019-08-01,672295,697656,25361,3.6
Oakland,2019-09-01,672901,696026,23125,3.3
Oakland,2019-10-01,672942,693102,20160,2.9
Oakland,2019-11-01,668274,687733,19459,2.8
Oakland,2019-12-01,667235,686685,19450,2.8
Oakland,2020-01-01,655632,677470,21838,3.2
Oakland,2020-02-01,654322,673675,19353,2.9
Oakland,2020-03-01,646994,671363,24369,3.6
Oakland,2020-04-01,460127,566892,106765,18.8
Oakland,2020-05-01,518899,645034,126135,19.6
Oakland,2020-06-01,555172,652489,97317,14.9
Oakland,2020-07-01,579150,663393,84243,12.7
Oakland,2020-08-01,600895,661949,61054,9.2
Oakland,2020-09-01,604801,659997,55196,8.4
Oakland,2020-10-01,618208,662035,43827,6.6
Oakland,2020-11-01,615880,655871,39991,6.1
Oakland,2020-12-01,601577,641026,39449,6.2
Oakland,2021-01-01,611628,647945,36317,5.6
Oakland,2021-02-01,611665,644929,33264,5.2
Oakland,2021-03-01,620575,655153,34578,5.3
Oakland,2021-04-01,619059,648475,29416,4.5
Oakland,2021-05-01,620282,650612,30330,4.7
Oakland,2021-06-01,625257,660712,35455,5.4
Oakland,2021-07-01,634029,668747,34718,5.2
Oakland,2021-08-01,638625,669155,30530,4.6
Oakland,2021-09-01,639782,668421,28639,4.3
Oakland,2021-10-01,642905,667786,24881,3.7
Oakland,2021-11-01,646121,667790,21669,3.2
Oakland,2021-12-01,645426,666711,21285,3.2
Oakland,2022-01-01,639483,665330,25847,3.9
Oakland,2022-02-01,640569,663836,23267,3.5
Oakland,2022-03-01,647626,669666,22040,3.3
Oakland,2022-04-01,642519,660599,18080,2.7
Oakland,2022-05-01,642427,663875,21448,3.2
Oakland,2022-06-01,648049,669618,21569,3.2
Oakland,2022-07-01,654094,673695,19601,2.9
Oakland,2022-08-01,655019,674566,19547,2.9
Oakland,2022-09-01,652346,671585,19239,2.9
Oakland,2022-10-01,654225,673230,19005,2.8
Oakland,2022-11-01,652341,669859,17518,2.6
Oakland,2022-12-01,656683,674178,17495,2.6
Oakland,2023-01-01,649515,670978,21463,3.2
Oakland,2023-02-01,650280,669777,19497,2.9
Oakland,2023-03-01,662044,679373,17329,2.6
Oakland,2023-04-01,660517,673107,12590,1.9
Oakland,2023-05-01,661025,680234,19209,2.8
Oakland,2023-06-01,666861,688515,21654,3.1
Oakland,2023-07-01,674087,697399,23312,3.3
Oakland,2023-08-01,675887,698486,22599,3.2
Oakland,2023-09-01,674781,697873,23092,3.3
Oakland,2023-10-01,669871,692108,22237,3.2
Oakland,2023-11-01,671923,690887,18964,2.7
Oakland,2023-12-01,669717,687491,17774,2.6
Oakland,2024-01-01,663798,684891,21093,3.1
Oakland,2024-02-01,659341,681080,21739,3.2
Oakland,2024-03-01,667099,688336,21237,3.1
Oakland,2024-04-01,663537,682220,18683,2.7
Oakland,2024-05-01,660693,683829,23136,3.4
Oakland,2024-06-01,661694,689196,27502,4
Oakland,2024-07-01,664802,694884,30082,4.3
Oakland,2024-08-01,667940,693123,25183,3.6
Oakland,2024-09-01,666895,693632,26737,3.9
Oakland,2024-10-01,661514,688221,26707,3.9
Oakland,2024-11-01,658298,685190,26892,3.9
Oakland,2024-12-01,658457,684382,25925,3.8
Oakland,2025-01-01,653481,681663,28182,4.1
Oakland,2025-02-01,650000,678499,28499,4.2
Oakland,2025-03-01,656628,683657,27029,4
Oakland,2025-04-01,656393,677915,21522,3.2
Oakland,2025-05-01,652727,678688,25961,3.8
Oakland,2025-06-01,658553,685844,27291,4
Oakland,2025-07-01,659544,690400,30856,4.5
Oakland,2025-08-01,657601,683105,25504,3.7
Oakland,2025-09-01,655165,681928,26763,3.9
Oakland,2025-11-01,661124,690044,28920,4.2
Oakland,2025-12-01,661384,687379,25995,3.8
Oakland,2026-01-01,654235,683217,28982,4.2
Oakland,2026-02-01,650315,680858,30543,4.5
Oakland,2026-03-01,658119,686430,28311,4.1
Oakland,2026-04-01,662245,686578,24333,3.5
Washtenaw,1990-01-01,149790,158362,8572,5.4
Washtenaw,1990-02-01,152356,159868,7512,4.7
Washtenaw,1990-03-01,153555,160611,7056,4.4
Washtenaw,1990-04-01,151436,158242,6806,4.3
Washtenaw,1990-05-01,151721,158686,6965,4.4
Washtenaw,1990-06-01,152625,159984,7359,4.6
Washtenaw,1990-07-01,147639,157916,10277,6.5
Washtenaw,1990-08-01,147733,156058,8325,5.3
Washtenaw,1990-09-01,150842,157316,6474,4.1
Washtenaw,1990-10-01,151212,159290,8078,5.1
Washtenaw,1990-11-01,153155,160191,7036,4.4
Washtenaw,1990-12-01,152580,159902,7322,4.6
Washtenaw,1991-01-01,146593,154977,8384,5.4
Washtenaw,1991-02-01,148773,158205,9432,6
Washtenaw,1991-03-01,149255,157664,8409,5.3
Washtenaw,1991-04-01,149028,158782,9754,6.1
Washtenaw,1991-05-01,148457,157179,8722,5.5
Washtenaw,1991-06-01,148031,157143,9112,5.8
Washtenaw,1991-07-01,144603,155451,10848,7
Washtenaw,1991-08-01,143999,154053,10054,6.5
Washtenaw,1991-09-01,146955,156053,9098,5.8
Washtenaw,1991-10-01,150105,158495,8390,5.3
Washtenaw,1991-11-01,151678,159297,7619,4.8
Washtenaw,1991-12-01,149407,158204,8797,5.6
Washtenaw,1992-01-01,149437,157875,8438,5.3
Washtenaw,1992-02-01,152790,162786,9996,6.1
Washtenaw,1992-03-01,153031,162749,9718,6
Washtenaw,1992-04-01,153030,160353,7323,4.6
Washtenaw,1992-05-01,153107,160876,7769,4.8
Washtenaw,1992-06-01,154156,162498,8342,5.1
Washtenaw,1992-07-01,152559,161333,8774,5.4
Washtenaw,1992-08-01,151080,159773,8693,5.4
Washtenaw,1992-09-01,151230,158832,7602,4.8
Washtenaw,1992-10-01,153271,160116,6845,4.3
Washtenaw,1992-11-01,157865,164696,6831,4.1
Washtenaw,1992-12-01,157338,164072,6734,4.1
Washtenaw,1993-01-01,152273,159731,7458,4.7
Washtenaw,1993-02-01,154928,161887,6959,4.3
Washtenaw,1993-03-01,153911,161474,7563,4.7
Washtenaw,1993-04-01,155712,161915,6203,3.8
Washtenaw,1993-05-01,154469,161290,6821,4.2
Washtenaw,1993-06-01,156107,163723,7616,4.7
Washtenaw,1993-07-01,154727,163020,8293,5.1
Washtenaw,1993-08-01,153989,160496,6507,4.1
Washtenaw,1993-09-01,153003,159463,6460,4.1
Washtenaw,1993-10-01,157618,163843,6225,3.8
Washtenaw,1993-11-01,159881,165821,5940,3.6
Washtenaw,1993-12-01,160244,166239,5995,3.6
Washtenaw,1994-01-01,155486,162536,7050,4.3
Washtenaw,1994-02-01,158279,164987,6708,4.1
Washtenaw,1994-03-01,157616,164082,6466,3.9
Washtenaw,1994-04-01,158899,164728,5829,3.5
Washtenaw,1994-05-01,158354,164002,5648,3.4
Washtenaw,1994-06-01,159022,165012,5990,3.6
Washtenaw,1994-07-01,157153,163385,6232,3.8
Washtenaw,1994-08-01,157096,162684,5588,3.4
Washtenaw,1994-09-01,157393,162360,4967,3.1
Washtenaw,1994-10-01,160579,165048,4469,2.7
Washtenaw,1994-11-01,162356,166223,3867,2.3
Washtenaw,1994-12-01,162191,165861,3670,2.2
Washtenaw,1995-01-01,156914,162038,5124,3.2
Washtenaw,1995-02-01,160231,164759,4528,2.7
Washtenaw,1995-03-01,160919,165417,4498,2.7
Washtenaw,1995-04-01,160293,164914,4621,2.8
Washtenaw,1995-05-01,158314,163067,4753,2.9
Washtenaw,1995-06-01,159812,165081,5269,3.2
Washtenaw,1995-07-01,158381,164302,5921,3.6
Washtenaw,1995-08-01,157597,162469,4872,3
Washtenaw,1995-09-01,158849,163233,4384,2.7
Washtenaw,1995-10-01,160607,164385,3778,2.3
Washtenaw,1995-11-01,160437,163832,3395,2.1
Washtenaw,1995-12-01,160749,163880,3131,1.9
Washtenaw,1996-01-01,154338,158428,4090,2.6
Washtenaw,1996-02-01,159236,163238,4002,2.5
Washtenaw,1996-03-01,161267,164962,3695,2.2
Washtenaw,1996-04-01,160297,163866,3569,2.2
Washtenaw,1996-05-01,160820,164649,3829,2.3
Washtenaw,1996-06-01,164457,168534,4077,2.4
Washtenaw,1996-07-01,162325,167343,5018,3
Washtenaw,1996-08-01,161514,165212,3698,2.2
Washtenaw,1996-09-01,162660,166128,3468,2.1
Washtenaw,1996-10-01,165321,168382,3061,1.8
Washtenaw,1996-11-01,166399,169360,2961,1.7
Washtenaw,1996-12-01,165752,169090,3338,2
Washtenaw,1997-01-01,162700,166830,4130,2.5
Washtenaw,1997-02-01,164936,168708,3772,2.2
Washtenaw,1997-03-01,166503,170018,3515,2.1
Washtenaw,1997-04-01,166456,169961,3505,2.1
Washtenaw,1997-05-01,165956,169275,3319,2
Washtenaw,1997-06-01,166718,170603,3885,2.3
Washtenaw,1997-07-01,164960,169294,4334,2.6
Washtenaw,1997-08-01,164660,167846,3186,1.9
Washtenaw,1997-09-01,166551,169832,3281,1.9
Washtenaw,1997-10-01,169508,172332,2824,1.6
Washtenaw,1997-11-01,171705,174699,2994,1.7
Washtenaw,1997-12-01,171717,174622,2905,1.7
Washtenaw,1998-01-01,169012,172559,3547,2.1
Washtenaw,1998-02-01,170529,173935,3406,2
Washtenaw,1998-03-01,171456,174792,3336,1.9
Washtenaw,1998-04-01,171218,173709,2491,1.4
Washtenaw,1998-05-01,170857,173593,2736,1.6
Washtenaw,1998-06-01,170549,173643,3094,1.8
Washtenaw,1998-07-01,165127,170410,5283,3.1
Washtenaw,1998-08-01,169205,171885,2680,1.6
Washtenaw,1998-09-01,170116,173663,3547,2
Washtenaw,1998-10-01,172575,175255,2680,1.5
Washtenaw,1998-11-01,175297,177745,2448,1.4
Washtenaw,1998-12-01,174978,177600,2622,1.5
Washtenaw,1999-01-01,171464,174910,3446,2
Washtenaw,1999-02-01,174017,177589,3572,2
Washtenaw,1999-03-01,174487,177553,3066,1.7
Washtenaw,1999-04-01,173845,176750,2905,1.6
Washtenaw,1999-05-01,173343,176573,3230,1.8
Washtenaw,1999-06-01,174975,178195,3220,1.8
Washtenaw,1999-07-01,173684,177346,3662,2.1
Washtenaw,1999-08-01,173359,175873,2514,1.4
Washtenaw,1999-09-01,173424,176107,2683,1.5
Washtenaw,1999-10-01,175598,177934,2336,1.3
Washtenaw,1999-11-01,177687,180140,2453,1.4
Washtenaw,1999-12-01,177532,179883,2351,1.3
Washtenaw,2000-01-01,180390,184691,4301,2.3
Washtenaw,2000-02-01,183798,187829,4031,2.1
Washtenaw,2000-03-01,184402,188903,4501,2.4
Washtenaw,2000-04-01,184362,188160,3798,2
Washtenaw,2000-05-01,180026,184577,4551,2.5
Washtenaw,2000-06-01,181735,187025,5290,2.8
Washtenaw,2000-07-01,177778,183569,5791,3.2
Washtenaw,2000-08-01,177440,182037,4597,2.5
Washtenaw,2000-09-01,176518,180988,4470,2.5
Washtenaw,2000-10-01,181863,186006,4143,2.2
Washtenaw,2000-11-01,185417,189573,4156,2.2
Washtenaw,2000-12-01,185451,189537,4086,2.2
Washtenaw,2001-01-01,187983,193099,5116,2.6
Washtenaw,2001-02-01,190764,195990,5226,2.7
Washtenaw,2001-03-01,191444,197037,5593,2.8
Washtenaw,2001-04-01,189279,194335,5056,2.6
Washtenaw,2001-05-01,188335,193965,5630,2.9
Washtenaw,2001-06-01,189046,195631,6585,3.4
Washtenaw,2001-07-01,184886,191002,6116,3.2
Washtenaw,2001-08-01,182200,187983,5783,3.1
Washtenaw,2001-09-01,181582,187638,6056,3.2
Washtenaw,2001-10-01,184361,190354,5993,3.1
Washtenaw,2001-11-01,186230,192465,6235,3.2
Washtenaw,2001-12-01,183768,190288,6520,3.4
Washtenaw,2002-01-01,178322,185621,7299,3.9
Washtenaw,2002-02-01,182235,189039,6804,3.6
Washtenaw,2002-03-01,181467,188730,7263,3.8
Washtenaw,2002-04-01,177908,184591,6683,3.6
Washtenaw,2002-05-01,176986,184220,7234,3.9
Washtenaw,2002-06-01,177824,186155,8331,4.5
Washtenaw,2002-07-01,176612,184441,7829,4.2
Washtenaw,2002-08-01,175621,181834,6213,3.4
Washtenaw,2002-09-01,175986,181755,5769,3.2
Washtenaw,2002-10-01,179505,184720,5215,2.8
Washtenaw,2002-11-01,181529,187133,5604,3
Washtenaw,2002-12-01,180528,186412,5884,3.2
Washtenaw,2003-01-01,176132,183174,7042,3.8
Washtenaw,2003-02-01,178772,185816,7044,3.8
Washtenaw,2003-03-01,177449,184813,7364,4
Washtenaw,2003-04-01,176799,183486,6687,3.6
Washtenaw,2003-05-01,176173,184132,7959,4.3
Washtenaw,2003-06-01,176512,185971,9459,5.1
Washtenaw,2003-07-01,172011,180953,8942,4.9
Washtenaw,2003-08-01,173918,181796,7878,4.3
Washtenaw,2003-09-01,175656,183372,7716,4.2
Washtenaw,2003-10-01,179424,186364,6940,3.7
Washtenaw,2003-11-01,181010,187682,6672,3.6
Washtenaw,2003-12-01,180015,186647,6632,3.6
Washtenaw,2004-01-01,177034,184594,7560,4.1
Washtenaw,2004-02-01,179063,186533,7470,4
Washtenaw,2004-03-01,179246,187635,8389,4.5
Washtenaw,2004-04-01,180253,187126,6873,3.7
Washtenaw,2004-05-01,177978,186065,8087,4.3
Washtenaw,2004-06-01,178919,188019,9100,4.8
Washtenaw,2004-07-01,176061,184959,8898,4.8
Washtenaw,2004-08-01,178833,186534,7701,4.1
Washtenaw,2004-09-01,179333,187123,7790,4.2
Washtenaw,2004-10-01,183349,190694,7345,3.9
Washtenaw,2004-11-01,185359,193103,7744,4
Washtenaw,2004-12-01,183086,191051,7965,4.2
Washtenaw,2005-01-01,179881,188477,8596,4.6
Washtenaw,2005-02-01,182229,190973,8744,4.6
Washtenaw,2005-03-01,183042,191594,8552,4.5
Washtenaw,2005-04-01,184217,192391,8174,4.2
Washtenaw,2005-05-01,181880,190742,8862,4.6
Washtenaw,2005-06-01,181269,190316,9047,4.8
Washtenaw,2005-07-01,176915,186079,9164,4.9
Washtenaw,2005-08-01,179298,187364,8066,4.3
Washtenaw,2005-09-01,180757,188980,8223,4.4
Washtenaw,2005-10-01,184162,191444,7282,3.8
Washtenaw,2005-11-01,186133,194186,8053,4.1
Washtenaw,2005-12-01,184273,192302,8029,4.2
Washtenaw,2006-01-01,181875,190459,8584,4.5
Washtenaw,2006-02-01,182937,191890,8953,4.7
Washtenaw,2006-03-01,183372,192525,9153,4.8
Washtenaw,2006-04-01,182914,191358,8444,4.4
Washtenaw,2006-05-01,180085,188708,8623,4.6
Washtenaw,2006-06-01,181164,190887,9723,5.1
Washtenaw,2006-07-01,176576,186599,10023,5.4
Washtenaw,2006-08-01,177766,187002,9236,4.9
Washtenaw,2006-09-01,179766,188847,9081,4.8
Washtenaw,2006-10-01,180768,189021,8253,4.4
Washtenaw,2006-11-01,183137,191322,8185,4.3
Washtenaw,2006-12-01,182695,191312,8617,4.5
Washtenaw,2007-01-01,178576,187803,9227,4.9
Washtenaw,2007-02-01,180238,189134,8896,4.7
Washtenaw,2007-03-01,180744,189577,8833,4.7
Washtenaw,2007-04-01,180056,188584,8528,4.5
Washtenaw,2007-05-01,177736,186609,8873,4.8
Washtenaw,2007-06-01,178489,188536,10047,5.3
Washtenaw,2007-07-01,176445,187059,10614,5.7
Washtenaw,2007-08-01,176929,186423,9494,5.1
Washtenaw,2007-09-01,178056,187649,9593,5.1
Washtenaw,2007-10-01,179409,188122,8713,4.6
Washtenaw,2007-11-01,182386,190888,8502,4.5
Washtenaw,2007-12-01,180996,190060,9064,4.8
Washtenaw,2008-01-01,177493,186595,9102,4.9
Washtenaw,2008-02-01,178271,187164,8893,4.8
Washtenaw,2008-03-01,178654,187983,9329,5
Washtenaw,2008-04-01,177436,186208,8772,4.7
Washtenaw,2008-05-01,174777,185785,11008,5.9
Washtenaw,2008-06-01,176512,188560,12048,6.4
Washtenaw,2008-07-01,173666,186154,12488,6.7
Washtenaw,2008-08-01,173791,185414,11623,6.3
Washtenaw,2008-09-01,173389,184628,11239,6.1
Washtenaw,2008-10-01,175597,186356,10759,5.8
Washtenaw,2008-11-01,176493,186990,10497,5.6
Washtenaw,2008-12-01,173631,185287,11656,6.3
Washtenaw,2009-01-01,172032,184769,12737,6.9
Washtenaw,2009-02-01,172597,186942,14345,7.7
Washtenaw,2009-03-01,171684,186849,15165,8.1
Washtenaw,2009-04-01,171084,186229,15145,8.1
Washtenaw,2009-05-01,168476,185379,16903,9.1
Washtenaw,2009-06-01,167456,186906,19450,10.4
Washtenaw,2009-07-01,166338,185525,19187,10.3
Washtenaw,2009-08-01,166160,183504,17344,9.5
Washtenaw,2009-09-01,166065,182887,16822,9.2
Washtenaw,2009-10-01,168424,184576,16152,8.8
Washtenaw,2009-11-01,170238,185549,15311,8.3
Washtenaw,2009-12-01,167849,183263,15414,8.4
Washtenaw,2010-01-01,165446,181527,16081,8.9
Washtenaw,2010-02-01,167213,182896,15683,8.6
Washtenaw,2010-03-01,165812,182090,16278,8.9
Washtenaw,2010-04-01,167199,182393,15194,8.3
Washtenaw,2010-05-01,165626,181170,15544,8.6
Washtenaw,2010-06-01,164694,181212,16518,9.1
Washtenaw,2010-07-01,164524,181848,17324,9.5
Washtenaw,2010-08-01,164370,179673,15303,8.5
Washtenaw,2010-09-01,166132,180271,14139,7.8
Washtenaw,2010-10-01,168352,181440,13088,7.2
Washtenaw,2010-11-01,171514,183868,12354,6.7
Washtenaw,2010-12-01,170895,182557,11662,6.4
Washtenaw,2011-01-01,167825,180132,12307,6.8
Washtenaw,2011-02-01,169152,181121,11969,6.6
Washtenaw,2011-03-01,169670,181994,12324,6.8
Washtenaw,2011-04-01,170049,181469,11420,6.3
Washtenaw,2011-05-01,168073,180367,12294,6.8
Washtenaw,2011-06-01,165885,179568,13683,7.6
Washtenaw,2011-07-01,165252,179559,14307,8
Washtenaw,2011-08-01,165213,177966,12753,7.2
Washtenaw,2011-09-01,167493,179410,11917,6.6
Washtenaw,2011-10-01,170521,181436,10915,6
Washtenaw,2011-11-01,173711,183690,9979,5.4
Washtenaw,2011-12-01,171488,181624,10136,5.6
Washtenaw,2012-01-01,168757,179349,10592,5.9
Washtenaw,2012-02-01,170915,181521,10606,5.8
Washtenaw,2012-03-01,170738,181638,10900,6
Washtenaw,2012-04-01,172777,182907,10130,5.5
Washtenaw,2012-05-01,171728,182987,11259,6.2
Washtenaw,2012-06-01,169946,182331,12385,6.8
Washtenaw,2012-07-01,168552,181872,13320,7.3
Washtenaw,2012-08-01,168692,180053,11361,6.3
Washtenaw,2012-09-01,171137,181100,9963,5.5
Washtenaw,2012-10-01,173939,183695,9756,5.3
Washtenaw,2012-11-01,176166,185168,9002,4.9
Washtenaw,2012-12-01,173740,183681,9941,5.4
Washtenaw,2013-01-01,171316,181829,10513,5.8
Washtenaw,2013-02-01,173982,184297,10315,5.6
Washtenaw,2013-03-01,173969,184225,10256,5.6
Washtenaw,2013-04-01,175875,185778,9903,5.3
Washtenaw,2013-05-01,175164,186495,11331,6.1
Washtenaw,2013-06-01,172011,184645,12634,6.8
Washtenaw,2013-07-01,169974,183133,13159,7.2
Washtenaw,2013-08-01,170538,181963,11425,6.3
Washtenaw,2013-09-01,172942,183356,10414,5.7
Washtenaw,2013-10-01,174181,184478,10297,5.6
Washtenaw,2013-11-01,178234,187570,9336,5
Washtenaw,2013-12-01,174797,183791,8994,4.9
Washtenaw,2014-01-01,173406,182600,9194,5
Washtenaw,2014-02-01,176883,186579,9696,5.2
Washtenaw,2014-03-01,177357,187087,9730,5.2
Washtenaw,2014-04-01,179450,188347,8897,4.7
Washtenaw,2014-05-01,179370,189480,10110,5.3
Washtenaw,2014-06-01,176753,187198,10445,5.6
Washtenaw,2014-07-01,175642,186971,11329,6.1
Washtenaw,2014-08-01,176461,185666,9205,5
Washtenaw,2014-09-01,177409,186169,8760,4.7
Washtenaw,2014-10-01,182226,190280,8054,4.2
Washtenaw,2014-11-01,184727,191914,7187,3.7
Washtenaw,2014-12-01,182885,189612,6727,3.5
Washtenaw,2015-01-01,179411,187038,7627,4.1
Washtenaw,2015-02-01,181932,188928,6996,3.7
Washtenaw,2015-03-01,182399,189335,6936,3.7
Washtenaw,2015-04-01,183994,190677,6683,3.5
Washtenaw,2015-05-01,183743,191909,8166,4.3
Washtenaw,2015-06-01,180302,188514,8212,4.4
Washtenaw,2015-07-01,179746,188366,8620,4.6
Washtenaw,2015-08-01,179808,186920,7112,3.8
Washtenaw,2015-09-01,178863,185330,6467,3.5
Washtenaw,2015-10-01,184642,191081,6439,3.4
Washtenaw,2015-11-01,187264,192880,5616,2.9
Washtenaw,2015-12-01,186001,191431,5430,2.8
Washtenaw,2016-01-01,186119,192270,6151,3.2
Washtenaw,2016-02-01,189297,195572,6275,3.2
Washtenaw,2016-03-01,189231,195806,6575,3.4
Washtenaw,2016-04-01,191300,197576,6276,3.2
Washtenaw,2016-05-01,186962,193923,6961,3.6
Washtenaw,2016-06-01,185114,193002,7888,4.1
Washtenaw,2016-07-01,184029,192770,8741,4.5
Washtenaw,2016-08-01,184935,192761,7826,4.1
Washtenaw,2016-09-01,188774,196026,7252,3.7
Washtenaw,2016-10-01,189983,197394,7411,3.8
Washtenaw,2016-11-01,193189,199397,6208,3.1
Washtenaw,2016-12-01,190540,196137,5597,2.9
Washtenaw,2017-01-01,188121,194977,6856,3.5
Washtenaw,2017-02-01,190271,197024,6753,3.4
Washtenaw,2017-03-01,191601,197553,5952,3
Washtenaw,2017-04-01,192758,197892,5134,2.6
Washtenaw,2017-05-01,188638,194857,6219,3.2
Washtenaw,2017-06-01,187564,194817,7253,3.7
Washtenaw,2017-07-01,186514,195438,8924,4.6
Washtenaw,2017-08-01,186961,194758,7797,4
Washtenaw,2017-09-01,191548,199073,7525,3.8
Washtenaw,2017-10-01,192895,199190,6295,3.2
Washtenaw,2017-11-01,195951,201805,5854,2.9
Washtenaw,2017-12-01,193243,198832,5589,2.8
Washtenaw,2018-01-01,190523,196890,6367,3.2
Washtenaw,2018-02-01,194188,200517,6329,3.2
Washtenaw,2018-03-01,195175,200888,5713,2.8
Washtenaw,2018-04-01,195413,200702,5289,2.6
Washtenaw,2018-05-01,191914,197626,5712,2.9
Washtenaw,2018-06-01,190678,197504,6826,3.5
Washtenaw,2018-07-01,190603,198075,7472,3.8
Washtenaw,2018-08-01,189449,195600,6151,3.1
Washtenaw,2018-09-01,192966,198721,5755,2.9
Washtenaw,2018-10-01,196337,202024,5687,2.8
Washtenaw,2018-11-01,199473,204472,4999,2.4
Washtenaw,2018-12-01,196923,202216,5293,2.6
Washtenaw,2019-01-01,192682,198340,5658,2.9
Washtenaw,2019-02-01,196777,202586,5809,2.9
Washtenaw,2019-03-01,197357,203638,6281,3.1
Washtenaw,2019-04-01,197134,202381,5247,2.6
Washtenaw,2019-05-01,195920,201784,5864,2.9
Washtenaw,2019-06-01,193057,199858,6801,3.4
Washtenaw,2019-07-01,193299,201285,7986,4
Washtenaw,2019-08-01,193609,200064,6455,3.2
Washtenaw,2019-09-01,197069,202803,5734,2.8
Washtenaw,2019-10-01,199135,203964,4829,2.4
Washtenaw,2019-11-01,202993,207337,4344,2.1
Washtenaw,2019-12-01,200905,205237,4332,2.1
Washtenaw,2020-01-01,197322,202099,4777,2.4
Washtenaw,2020-02-01,200658,205350,4692,2.3
Washtenaw,2020-03-01,197153,203084,5931,2.9
Washtenaw,2020-04-01,158822,184435,25613,13.9
Washtenaw,2020-05-01,169270,191762,22492,11.7
Washtenaw,2020-06-01,181948,202840,20892,10.3
Washtenaw,2020-07-01,179736,199198,19462,9.8
Washtenaw,2020-08-01,183366,197869,14503,7.3
Washtenaw,2020-09-01,184311,196558,12247,6.2
Washtenaw,2020-10-01,186711,195944,9233,4.7
Washtenaw,2020-11-01,187599,195926,8327,4.3
Washtenaw,2020-12-01,183558,192382,8824,4.6
Washtenaw,2021-01-01,181433,190114,8681,4.6
Washtenaw,2021-02-01,183502,192025,8523,4.4
Washtenaw,2021-03-01,183689,192339,8650,4.5
Washtenaw,2021-04-01,183087,191282,8195,4.3
Washtenaw,2021-05-01,181402,190276,8874,4.7
Washtenaw,2021-06-01,178524,188236,9712,5.2
Washtenaw,2021-07-01,181268,190945,9677,5.1
Washtenaw,2021-08-01,182470,190581,8111,4.3
Washtenaw,2021-09-01,185679,192705,7026,3.6
Washtenaw,2021-10-01,187015,193148,6133,3.2
Washtenaw,2021-11-01,191057,196244,5187,2.6
Washtenaw,2021-12-01,189207,194736,5529,2.8
Washtenaw,2022-01-01,188888,195427,6539,3.3
Washtenaw,2022-02-01,190166,197348,7182,3.6
Washtenaw,2022-03-01,193134,199823,6689,3.3
Washtenaw,2022-04-01,193991,200179,6188,3.1
Washtenaw,2022-05-01,192996,200489,7493,3.7
Washtenaw,2022-06-01,189493,197691,8198,4.1
Washtenaw,2022-07-01,190253,198467,8214,4.1
Washtenaw,2022-08-01,191282,198612,7330,3.7
Washtenaw,2022-09-01,194014,200423,6409,3.2
Washtenaw,2022-10-01,192528,198987,6459,3.2
Washtenaw,2022-11-01,195728,201718,5990,3
Washtenaw,2022-12-01,193956,199741,5785,2.9
Washtenaw,2023-01-01,194424,201049,6625,3.3
Washtenaw,2023-02-01,195136,201855,6719,3.3
Washtenaw,2023-03-01,196474,203011,6537,3.2
Washtenaw,2023-04-01,199779,204915,5136,2.5
Washtenaw,2023-05-01,199196,206254,7058,3.4
Washtenaw,2023-06-01,198638,206282,7644,3.7
Washtenaw,2023-07-01,199076,207013,7937,3.8
Washtenaw,2023-08-01,199420,207130,7710,3.7
Washtenaw,2023-09-01,199409,206143,6734,3.3
Washtenaw,2023-10-01,199570,205948,6378,3.1
Washtenaw,2023-11-01,202940,208429,5489,2.6
Washtenaw,2023-12-01,198817,204346,5529,2.7
Washtenaw,2024-01-01,199331,205494,6163,3
Washtenaw,2024-02-01,198805,205400,6595,3.2
Washtenaw,2024-03-01,200689,207570,6881,3.3
Washtenaw,2024-04-01,201222,207628,6406,3.1
Washtenaw,2024-05-01,201350,209210,7860,3.8
Washtenaw,2024-06-01,200264,209583,9319,4.4
Washtenaw,2024-07-01,200476,210892,10416,4.9
Washtenaw,2024-08-01,199203,208425,9222,4.4
Washtenaw,2024-09-01,201231,209098,7867,3.8
Washtenaw,2024-10-01,199673,207440,7767,3.7
Washtenaw,2024-11-01,202661,210596,7935,3.8
Washtenaw,2024-12-01,199933,207992,8059,3.9
Washtenaw,2025-01-01,199447,208448,9001,4.3
Washtenaw,2025-02-01,199367,208293,8926,4.3
Washtenaw,2025-03-01,200980,210434,9454,4.5
Washtenaw,2025-04-01,200806,209011,8205,3.9
Washtenaw,2025-05-01,199656,209162,9506,4.5
Washtenaw,2025-06-01,197818,207897,10079,4.8
Washtenaw,2025-07-01,198048,208272,10224,4.9
Washtenaw,2025-08-01,197759,206997,9238,4.5
Washtenaw,2025-09-01,199357,207243,7886,3.8
Washtenaw,2025-11-01,195790,203916,8126,4
Washtenaw,2025-12-01,192882,200437,7555,3.8
Washtenaw,2026-01-01,192404,200951,8547,4.3
Washtenaw,2026-02-01,193431,200849,7418,3.7
Washtenaw,2026-03-01,192155,199600,7445,3.7
Washtenaw,2026-04-01,187824,194589,6765,3.5
